,Age,DistanceFromHome,EnvironmentSatisfaction,JobInvolvement,JobLevel,JobSatisfaction,MonthlyIncome,NumCompaniesWorked,PercentSalaryHike,RelationshipSatisfaction,StockOptionLevel,TotalWorkingYears,YearsAtCompany,YearsInCurrentRole,YearsSinceLastPromotion,YearsWithCurrManager,MaritalStatus_Single,OverTime_Yes
0,41,1,2,3,2,4,5993,8,11,1,0,8,6,4,0,5,1,1
1,49,8,3,2,2,2,5130,1,23,4,1,10,10,7,1,7,0,0
2,37,2,4,2,1,3,2090,6,15,2,0,7,0,0,0,0,1,1
3,33,3,4,3,1,3,2909,1,11,3,0,8,8,7,3,0,0,1
4,27,2,1,3,1,2,3468,2,12,4,1,6,2,2,2,2,0,0
5,32,2,4,3,1,4,3068,0,13,3,0,8,7,7,3,6,1,0
6,59,3,3,4,1,1,2670,4,20,1,1,12,1,0,0,0,0,1
7,30,24,4,3,1,3,2693,1,22,2,1,1,1,0,0,0,0,0
8,38,23,4,2,3,3,9526,0,21,2,0,10,9,7,1,8,1,0
9,36,27,3,3,2,3,5237,6,13,2,2,17,7,7,7,7,0,0
10,35,16,1,4,1,2,2426,0,13,3,1,6,5,4,0,3,0,0
11,29,15,4,2,2,3,4193,0,12,4,0,10,9,5,0,8,1,1
12,31,26,1,3,1,3,2911,1,17,4,1,5,5,2,4,3,0,0
13,34,19,2,3,1,4,2661,0,11,3,1,3,2,2,1,2,0,0
14,28,24,3,2,1,3,2028,5,14,2,0,6,4,2,0,3,1,1
15,29,21,2,4,3,1,9980,1,11,3,1,10,10,9,1,8,0,0
16,32,5,1,4,1,2,3298,0,12,4,2,7,6,2,0,5,0,1
17,22,16,4,4,1,4,2935,1,13,2,2,1,1,0,0,0,0,1
18,53,2,1,2,4,4,15427,2,16,3,0,10,5,8,3,7,0,0
19,38,2,4,3,1,4,3944,5,11,3,0,6,3,2,1,2,1,1
20,24,11,1,4,2,3,4011,0,18,4,1,5,4,2,1,3,0,0
21,36,9,3,2,1,1,3407,7,23,2,0,10,5,3,0,3,1,0
22,34,7,1,3,3,2,11994,0,11,3,0,13,12,6,2,11,1,0
23,21,15,3,3,1,4,1232,1,14,4,0,0,0,0,0,0,1,0
24,34,6,2,3,1,1,2960,2,11,3,0,8,4,2,1,3,1,0
25,53,5,3,3,5,3,4919,4,11,4,1,26,14,13,4,8,0,0
26,32,16,2,1,1,1,3919,1,22,2,0,10,10,2,6,7,1,1
27,42,8,3,3,2,2,6825,0,11,4,1,10,9,7,4,2,0,0
28,44,7,1,2,3,4,10248,3,14,4,1,24,5,6,5,3,0,0
29,46,2,2,3,5,1,4919,3,12,4,0,22,2,2,2,1,1,0
30,33,2,3,3,1,4,2496,4,11,4,0,7,1,1,0,0,1,0
31,44,10,4,3,2,4,6465,2,13,4,0,9,4,2,1,3,0,1
32,30,9,4,2,1,3,2206,1,13,1,0,10,10,0,1,8,1,0
33,39,5,4,3,2,4,2086,3,14,3,1,19,1,0,0,0,0,0
34,24,1,2,3,1,4,2293,2,16,1,1,6,2,0,2,0,0,1
35,43,2,4,4,1,3,2645,1,12,4,2,6,5,3,1,4,0,0
36,50,3,1,2,1,3,2683,1,14,3,0,3,3,2,0,2,0,1
37,35,2,4,3,1,4,2014,1,13,1,0,2,2,2,2,2,0,0
38,36,5,2,2,1,1,3419,2,14,4,1,6,1,1,0,0,0,1
39,33,1,3,4,2,1,5376,2,19,1,2,10,5,3,1,3,0,0
40,35,4,3,3,1,4,1951,1,12,3,1,1,1,0,0,0,0,0
41,27,2,4,3,1,1,2341,1,13,4,1,1,1,0,0,0,0,0
42,26,25,1,1,1,3,2293,1,12,3,0,1,1,0,0,1,1,0
43,27,8,4,3,3,3,8726,1,15,4,0,9,9,8,1,7,1,0
44,30,1,3,3,2,4,4011,1,23,4,0,12,12,8,3,7,1,0
45,41,12,2,3,5,3,4919,1,12,4,0,23,5,3,1,8,0,0
46,34,23,2,3,2,3,4568,0,20,3,0,10,9,5,1,7,1,0
47,37,19,2,3,1,2,3022,4,21,1,0,8,1,0,0,0,0,0
48,46,5,1,3,2,4,5772,4,21,3,0,14,9,6,0,8,1,1
49,35,8,4,4,1,4,2269,1,19,4,0,1,1,0,0,1,0,0
50,48,1,1,2,3,3,5381,2,13,4,0,23,1,0,0,0,1,1
51,28,5,3,3,1,3,3441,1,13,3,0,2,2,2,2,2,1,1
52,44,1,2,3,2,1,5454,5,21,3,1,9,4,3,1,3,0,1
53,35,11,3,2,3,1,9884,2,13,3,1,10,4,0,2,3,0,1
54,26,23,3,2,2,4,4157,7,19,3,1,5,2,2,0,0,0,1
55,33,1,1,3,3,4,13458,1,12,3,0,15,15,14,1,12,1,1
56,35,18,2,3,3,1,9069,1,22,4,1,9,9,8,1,8,0,0
57,35,23,3,3,1,1,4014,3,15,3,1,4,2,2,2,2,0,1
58,31,7,4,3,2,4,5915,3,22,4,1,10,7,7,1,7,0,0
59,37,1,1,2,2,3,5993,1,18,3,1,7,7,5,0,7,0,0
60,32,1,1,3,2,4,6162,1,22,2,1,9,9,8,7,8,0,1
61,38,29,4,3,2,4,2406,1,11,4,0,10,10,3,1,9,1,0
62,50,7,2,2,5,3,4919,5,12,4,1,10,5,3,1,8,0,1
63,59,25,1,3,3,1,7637,7,11,4,0,28,5,3,7,9,1,0
64,36,8,3,3,3,3,10096,1,13,2,1,17,17,14,1,8,0,0
65,55,8,4,3,4,3,14756,2,14,3,1,21,5,0,0,2,0,1
66,36,11,2,2,2,2,6499,1,13,3,0,6,6,5,0,3,1,0
67,45,7,2,3,3,1,9724,2,17,3,1,25,1,0,0,0,0,0
68,35,1,2,3,1,1,2194,4,13,4,1,5,3,2,1,2,0,0
69,36,9,4,2,1,3,3388,0,17,1,1,2,1,0,0,0,0,1
70,59,1,1,2,2,3,5473,7,11,4,0,20,4,3,1,3,1,0
71,29,2,3,3,1,2,2703,0,23,4,1,6,5,4,0,4,0,0
72,31,1,3,3,1,2,2501,1,17,2,0,1,1,1,1,0,1,0
73,32,1,2,3,2,2,6220,1,17,2,2,10,10,4,0,9,0,0
74,36,6,2,4,1,4,3038,3,12,2,0,5,1,0,0,0,0,0
75,31,8,3,3,2,4,4424,1,23,4,0,11,11,7,1,8,1,0
76,35,1,3,2,2,1,4312,0,14,2,0,16,15,13,2,8,1,0
77,45,6,4,3,3,1,13245,4,14,2,0,17,0,0,0,0,0,1
78,37,7,1,3,3,3,13664,4,13,1,0,16,5,2,0,2,1,0
79,46,5,2,3,2,2,5021,8,22,4,1,16,4,2,0,2,0,1
80,30,1,4,2,2,4,5126,1,12,3,2,10,10,8,3,0,0,1
81,35,1,2,2,1,3,2859,1,18,1,0,6,6,4,0,4,1,0
82,55,1,1,3,3,4,10239,3,14,4,1,24,1,0,1,0,0,0
83,38,6,2,1,2,4,5329,7,12,4,1,17,13,11,1,9,0,1
84,34,1,1,3,2,2,4325,1,15,3,0,5,5,2,1,3,0,0
85,56,7,4,1,3,4,7260,4,11,1,0,10,6,4,0,2,1,0
86,23,2,3,3,1,1,2322,3,13,3,1,3,0,0,0,0,0,0
87,51,9,4,3,1,4,2075,3,23,2,2,10,4,2,0,3,0,0
88,30,2,3,2,2,4,4152,1,19,1,1,11,11,10,1,8,0,0
89,46,9,3,2,3,4,9619,1,16,4,0,9,9,8,4,7,1,0
90,40,1,3,2,4,2,13503,1,22,4,1,22,5,3,1,11,0,0
91,51,21,3,3,2,4,5441,0,22,4,0,11,10,7,1,0,1,1
92,30,4,3,2,2,2,5209,1,12,2,1,11,11,8,2,7,0,1
93,46,1,3,2,3,1,10673,2,13,3,1,21,10,9,1,5,0,1
94,32,6,2,3,2,3,5010,1,16,1,0,12,11,8,5,7,1,0
95,54,2,1,3,3,3,13549,2,12,1,1,16,4,3,0,3,0,0
96,24,3,1,3,2,3,4999,0,21,1,1,4,3,2,0,2,0,0
97,28,4,2,3,2,3,4221,1,15,2,0,5,5,4,0,4,0,0
98,58,10,4,3,4,3,13872,0,13,3,0,10,5,10,1,8,1,0
99,44,23,2,3,2,2,2042,4,12,3,1,17,3,2,1,2,0,0
100,37,6,3,3,1,1,2073,4,22,4,0,7,3,2,0,2,0,1
101,32,1,4,3,1,1,2956,1,13,4,0,1,1,0,0,0,1,0
102,20,6,4,2,1,4,2926,1,18,2,0,1,1,0,1,0,1,1
103,34,6,1,3,2,3,4809,1,14,3,0,16,16,13,2,10,1,0
104,37,2,3,2,2,4,5163,5,14,4,1,17,1,0,0,0,0,0
105,59,2,3,2,5,4,4919,2,21,4,1,10,3,2,2,2,0,0
106,50,1,1,3,5,2,4919,3,19,1,0,28,8,3,0,7,0,1
107,25,5,3,2,2,3,5744,1,11,4,0,6,6,4,0,3,1,1
108,25,7,4,2,1,4,2889,1,11,3,2,2,2,2,2,1,0,0
109,22,15,2,3,1,4,2871,1,15,3,0,1,0,0,0,0,1,0
110,51,1,1,2,3,1,7484,3,20,3,0,23,13,12,1,8,1,0
111,34,7,1,1,2,3,6074,1,24,4,0,9,9,7,0,6,1,1
112,54,26,4,4,4,4,4919,2,12,3,0,23,5,3,4,4,1,1
113,24,18,2,3,1,3,2774,0,12,3,1,6,5,3,1,2,0,0
114,34,6,3,2,2,2,4505,6,15,3,1,12,1,0,0,0,0,0
115,37,3,3,3,3,4,7428,2,12,1,0,12,5,3,1,3,1,0
116,34,5,3,2,3,1,11631,2,12,4,0,14,11,10,5,8,1,0
117,36,11,2,3,3,4,9738,0,14,3,1,10,9,7,2,8,0,0
118,36,3,1,3,1,4,2835,5,22,1,1,7,1,0,0,0,0,0
119,43,26,3,3,4,4,4919,1,12,4,2,25,5,12,4,12,0,1
120,30,23,1,1,1,3,2613,1,25,3,1,10,10,7,0,9,0,0
121,33,22,3,3,2,2,6146,0,13,1,1,8,7,7,0,7,0,0
122,56,14,2,3,1,2,4963,2,18,1,1,7,5,4,4,3,0,1
123,51,6,1,3,5,3,4919,7,13,3,0,23,5,3,1,3,1,0
124,31,6,2,1,2,3,6172,4,18,2,0,12,7,7,7,7,0,1
125,26,6,3,2,1,2,2368,1,19,3,0,5,5,4,4,3,0,0
126,58,23,4,3,3,4,10312,1,12,4,1,10,5,10,1,6,0,0
127,19,22,4,3,1,3,1675,1,19,4,0,0,0,0,0,0,1,1
128,22,2,3,3,1,4,2523,0,14,3,1,3,2,1,2,1,0,0
129,49,20,3,3,2,1,6567,1,14,3,0,16,15,11,5,11,0,0
130,43,28,2,4,1,3,4739,4,12,4,0,18,3,2,1,2,1,0
131,50,12,3,3,3,4,9208,4,11,4,0,16,2,2,2,1,1,0
132,31,20,2,1,2,3,4559,3,11,3,1,4,2,2,2,2,0,1
133,41,9,3,3,3,3,8189,3,13,3,1,12,9,7,0,7,0,1
134,26,25,3,3,1,3,2942,1,23,4,1,8,8,7,5,7,0,0
135,36,6,2,3,2,2,4941,6,20,4,2,7,3,2,0,1,0,0
136,51,8,1,1,3,4,10650,2,15,4,0,18,4,2,0,3,1,0
137,39,4,4,2,2,3,5902,4,14,3,1,17,15,11,5,9,0,0
138,25,28,1,2,2,3,8639,2,18,4,0,6,2,2,2,2,0,0
139,30,9,3,3,2,4,6347,0,19,4,0,12,11,9,4,7,0,1
140,32,9,1,3,1,1,4200,7,22,1,0,10,5,4,0,4,1,0
141,45,29,3,3,1,4,3452,5,13,2,0,9,6,5,0,3,1,0
142,38,3,4,3,2,3,4317,3,20,2,0,19,3,2,2,2,1,1
143,30,18,1,3,1,3,2632,1,14,3,0,5,5,4,0,4,1,0
144,32,9,4,1,2,4,4668,0,17,4,1,9,8,7,0,7,0,0
145,30,5,4,3,1,1,3204,5,14,4,1,8,3,2,2,2,0,0
146,30,2,2,2,1,4,2720,0,13,4,0,6,5,3,1,2,1,0
147,41,10,4,2,4,1,4919,4,13,2,1,21,7,6,7,7,0,0
148,41,9,3,3,1,1,2238,2,21,4,1,7,5,0,1,4,0,0
149,19,3,2,3,1,2,1483,1,14,4,0,1,1,0,0,0,1,0
150,40,26,2,3,2,2,5605,1,11,1,1,20,5,7,2,13,0,0
151,35,1,3,3,3,2,7295,1,13,1,2,10,10,8,0,6,0,0
152,53,6,2,3,2,3,2306,2,20,4,1,13,7,7,4,5,0,1
153,45,9,2,3,2,2,2348,8,18,3,1,20,17,9,0,3,0,0
154,32,8,2,3,3,4,8998,1,14,4,0,9,9,8,3,7,1,0
155,29,1,4,3,2,3,4319,1,13,1,1,10,10,7,0,9,0,0
156,51,7,2,2,2,3,6132,2,17,3,0,10,1,0,0,0,0,0
157,58,9,2,2,1,2,3346,4,20,2,1,9,1,0,0,0,0,1
158,40,4,3,2,3,4,10855,7,11,1,1,15,12,11,2,11,0,0
159,34,2,3,3,1,3,2231,6,18,4,1,6,4,3,1,2,0,0
160,22,19,3,3,1,4,2323,1,24,1,2,2,2,2,2,2,0,0
161,27,9,4,3,1,2,2024,6,18,4,1,6,2,2,2,2,0,0
162,28,21,3,3,1,4,2713,1,11,3,1,5,5,2,0,2,0,0
163,57,24,3,4,3,4,9439,3,16,2,1,12,5,3,1,4,0,1
164,27,3,3,2,1,3,2566,1,15,4,1,1,1,1,0,1,0,1
165,50,11,3,3,5,2,4919,3,15,2,0,21,5,4,4,4,1,0
166,41,14,1,3,1,3,2451,4,12,1,1,13,9,8,1,8,0,0
167,30,5,2,3,3,4,9419,2,12,3,1,12,10,9,7,4,0,0
168,38,1,1,2,2,4,8686,4,22,3,0,12,8,3,0,7,1,0
169,32,6,3,3,1,3,3038,3,20,1,0,8,5,4,1,4,1,0
170,27,17,3,3,1,2,3058,0,16,4,1,6,5,2,1,1,0,1
171,19,1,3,1,1,1,2325,0,21,1,0,1,0,0,0,0,1,0
172,36,3,4,3,1,2,2088,4,12,3,0,13,8,7,7,2,1,0
173,30,9,3,3,2,1,3072,1,11,3,2,12,12,9,6,10,0,0
174,45,4,3,3,2,1,5006,4,11,1,1,9,5,4,0,3,0,1
175,56,8,3,3,1,1,4257,4,18,3,1,19,2,2,2,2,0,1
176,33,2,3,3,1,4,2500,0,14,1,0,4,3,1,0,2,1,0
177,19,2,2,2,1,4,1102,1,22,3,0,1,1,0,1,0,1,0
178,46,1,2,3,3,1,10453,1,25,3,1,24,5,13,1,7,0,0
179,38,9,3,3,1,4,2288,1,12,3,0,2,2,2,2,1,1,0
180,31,12,3,3,1,4,3929,8,23,3,1,7,4,2,0,2,0,1
181,34,27,4,3,1,2,2311,2,15,4,0,9,3,2,1,2,1,0
182,41,20,2,3,1,2,3140,1,22,4,0,4,4,3,0,2,1,1
183,50,1,3,2,1,3,3690,2,15,4,1,5,3,2,0,2,0,0
184,53,13,4,4,2,1,4450,1,11,3,2,5,4,2,1,3,0,0
185,33,14,4,3,1,2,2756,1,13,4,1,8,8,7,1,6,0,0
186,40,4,4,3,5,3,4919,1,14,2,1,21,5,8,1,9,0,0
187,55,14,3,4,5,2,4919,8,11,4,0,10,5,3,2,3,1,0
188,34,2,4,2,2,3,9547,1,17,3,0,10,10,9,1,9,0,0
189,51,3,4,3,4,2,13734,3,18,3,0,21,7,7,1,0,1,0
190,52,1,3,2,5,3,4919,0,14,1,1,10,5,3,1,9,0,0
191,27,9,4,3,1,2,2279,1,16,4,0,7,7,7,0,3,1,0
192,35,23,2,2,2,3,5916,3,13,1,0,8,1,0,0,1,0,1
193,43,7,4,4,1,4,2089,4,14,4,1,7,5,4,2,2,0,0
194,45,2,1,2,4,4,4919,2,23,4,1,22,5,8,1,8,0,0
195,37,21,2,4,1,1,3564,1,12,1,1,8,8,7,1,7,0,1
196,35,2,2,3,2,2,4425,5,11,4,0,10,6,2,1,2,1,0
197,42,21,3,3,2,3,5265,2,16,2,1,11,5,3,0,2,0,0
198,38,2,4,3,2,3,6553,2,14,2,0,14,1,0,0,0,0,0
199,38,29,4,3,2,4,6261,3,18,1,1,9,7,7,1,7,0,0
200,27,1,3,2,2,1,4298,5,19,3,1,6,2,2,2,0,0,0
201,49,18,4,3,2,4,6804,1,15,1,2,7,7,7,1,7,0,1
202,34,10,4,3,1,3,3815,1,17,4,1,5,5,3,2,0,0,1
203,40,19,3,3,2,4,2741,8,15,3,1,15,7,2,3,7,0,1
204,38,29,2,3,2,1,6673,7,19,2,0,17,1,0,0,0,0,1
205,29,27,2,3,3,4,7639,1,22,4,1,10,10,4,1,9,0,0
206,22,5,4,4,1,2,2328,1,16,1,1,4,4,2,2,2,0,1
207,36,18,2,3,1,4,2153,1,13,1,0,8,8,1,1,7,1,0
208,40,9,4,2,2,4,4876,2,14,4,1,5,3,2,0,2,0,0
209,46,1,4,3,3,1,9396,7,16,3,1,17,4,2,0,3,0,0
210,32,4,4,1,3,4,10400,1,11,3,0,14,14,8,1,8,0,0
211,30,1,3,2,3,3,8474,1,22,3,0,12,11,8,5,8,1,0
212,27,20,4,3,2,3,9981,1,14,4,0,7,7,7,0,7,1,0
213,51,8,2,2,3,2,12490,5,16,4,2,16,10,9,4,7,0,0
214,30,3,4,3,1,1,2657,5,11,3,0,8,5,2,0,4,1,1
215,41,6,4,3,3,4,13591,3,18,3,0,16,1,0,0,0,1,1
216,30,26,3,2,2,1,6696,5,15,3,0,9,6,3,0,1,1,0
217,29,1,3,3,1,3,2058,0,14,4,0,7,6,2,1,5,1,0
218,45,6,4,2,3,4,8865,6,12,4,0,23,5,7,1,8,1,0
219,54,3,4,3,2,1,5940,2,14,4,1,16,6,2,0,5,0,0
220,36,5,4,3,2,2,5914,8,16,4,0,16,13,11,3,7,1,0
221,33,4,3,2,1,2,2622,6,21,4,0,7,3,2,1,1,0,0
222,37,11,2,3,3,4,12185,1,14,3,1,10,10,8,0,7,0,1
223,38,3,1,3,3,3,10609,0,12,3,2,17,16,10,5,13,0,0
224,31,1,3,1,2,3,4345,0,12,4,1,6,5,4,1,4,0,0
225,59,3,3,2,1,4,2177,3,17,1,1,7,1,0,0,0,0,0
226,37,4,1,3,1,4,2793,4,17,3,1,13,9,8,5,8,0,0
227,29,1,2,3,3,4,7918,1,14,4,1,11,11,10,4,1,0,0
228,35,1,3,3,3,3,8789,1,14,1,0,10,10,7,0,8,1,0
229,29,18,3,2,1,4,2389,1,13,3,0,4,4,3,0,1,1,1
230,52,2,3,2,1,4,3212,7,15,2,0,6,2,2,2,2,1,0
231,42,4,3,3,5,4,4919,1,11,4,0,22,5,3,1,3,0,0
232,59,6,2,3,1,3,2267,8,17,4,0,7,2,2,2,2,0,0
233,50,1,4,3,5,4,4919,3,11,3,1,10,7,0,0,6,0,0
234,33,14,3,3,1,4,2436,5,13,3,1,8,5,4,0,4,0,1
235,43,16,4,3,4,4,16064,5,22,3,1,22,17,13,1,9,0,1
236,33,2,1,3,1,1,2707,7,20,1,0,13,9,7,1,7,0,0
237,52,2,1,2,5,3,4919,1,18,4,0,10,5,7,1,12,1,1
238,32,4,3,3,1,2,3931,2,11,1,1,6,4,3,1,2,0,0
239,32,1,4,2,1,3,3730,0,14,4,0,4,3,2,1,2,1,1
240,39,1,3,3,1,3,2232,7,14,3,1,7,3,2,1,2,0,0
241,32,26,3,3,2,4,4465,0,18,1,0,4,3,2,2,2,0,0
242,41,19,3,3,2,1,3072,2,16,1,2,17,1,0,0,0,0,0
243,40,24,1,3,2,4,3319,1,17,1,2,9,9,8,4,7,0,0
244,45,1,3,4,5,4,4919,0,11,3,1,25,5,0,1,7,0,0
245,31,3,2,3,3,3,13675,2,12,1,1,9,2,2,2,2,0,0
246,33,5,3,2,1,4,2911,1,13,3,1,2,2,2,0,2,0,0
247,34,2,4,2,2,1,5957,6,13,2,1,13,11,9,5,9,0,0
248,37,1,3,2,1,1,3920,2,14,1,1,17,3,1,0,2,0,0
249,45,7,1,4,2,3,6434,4,17,4,1,9,3,2,0,2,0,0
250,37,10,1,3,3,3,10048,6,11,2,2,17,1,0,0,0,0,0
251,39,2,3,3,3,3,10938,0,25,4,0,20,5,6,1,8,1,0
252,29,15,3,3,1,4,2340,1,19,1,0,6,6,5,1,5,1,0
253,42,17,4,4,2,1,6545,3,13,3,0,10,3,2,0,2,1,1
254,29,20,4,3,2,4,6931,2,14,4,1,10,3,2,0,2,0,0
255,25,1,1,3,2,3,4898,0,12,4,2,5,4,2,1,2,0,0
256,42,2,4,2,1,1,2593,0,11,3,1,10,9,6,7,8,0,1
257,40,2,1,3,5,3,4919,0,19,4,1,22,5,7,3,9,0,0
258,51,1,3,3,1,4,2723,1,11,2,0,1,1,0,0,0,0,0
259,31,29,3,2,1,2,3479,0,11,2,0,6,5,4,1,4,1,0
260,32,7,2,4,1,2,2794,1,20,3,0,5,5,1,0,3,0,0
261,38,2,4,2,2,4,5249,3,18,4,1,13,8,7,7,5,0,0
262,32,2,4,2,2,1,2176,4,13,4,0,9,6,2,0,4,1,0
263,46,2,3,1,4,2,4919,3,12,2,1,28,7,7,7,7,0,1
264,28,2,1,3,1,3,3485,2,11,3,0,5,0,0,0,0,1,0
265,29,2,1,2,2,2,6644,2,19,2,2,10,0,0,0,0,0,0
266,31,23,2,2,2,4,5582,0,21,2,1,10,9,0,7,8,0,0
267,25,5,2,4,2,1,4000,1,12,4,2,6,6,3,1,5,0,0
268,45,20,3,3,4,4,13496,0,14,2,0,21,5,7,4,10,0,1
269,36,6,4,3,1,4,3210,0,11,3,1,16,15,13,1,11,0,0
270,55,1,4,3,5,1,4919,0,14,3,0,10,5,10,4,13,1,1
271,47,29,1,3,3,2,11849,1,12,4,1,10,10,7,1,9,0,1
272,28,9,4,3,1,4,2070,1,23,4,1,5,5,2,0,4,0,0
273,37,6,3,3,2,4,6502,4,14,2,1,7,5,4,0,1,0,0
274,21,3,4,2,1,3,3230,1,17,1,0,3,3,2,1,0,1,0
275,37,1,1,3,3,4,13603,2,18,1,2,15,5,2,0,2,0,1
276,35,22,2,4,3,2,11996,7,18,2,1,10,7,7,6,2,0,0
277,38,7,1,4,2,1,5605,1,24,3,1,8,8,0,7,7,0,1
278,26,1,3,3,2,2,6397,1,20,1,1,6,6,5,1,4,0,0
279,50,4,1,3,5,2,4919,3,14,1,2,28,10,4,1,6,0,0
280,53,3,3,3,4,3,4919,3,16,4,1,21,5,3,1,3,0,1
281,42,1,2,3,2,3,4907,1,25,3,0,20,5,3,1,6,0,0
282,29,2,2,3,2,4,4554,1,18,1,0,10,10,7,0,9,1,0
283,55,20,2,3,2,4,5415,3,19,4,1,12,10,7,0,8,0,1
284,26,11,1,3,2,1,4741,1,13,3,1,5,5,3,3,3,0,1
285,37,1,4,3,1,4,2115,1,12,2,0,17,17,12,5,7,1,0
286,44,24,4,3,1,3,3161,3,22,4,1,19,1,0,0,0,0,1
287,38,23,4,3,2,4,5745,2,14,2,1,10,2,2,1,2,0,0
288,26,16,1,3,1,2,2373,2,13,4,1,5,3,2,0,2,0,1
289,28,8,4,3,1,4,3310,1,21,4,0,5,5,3,0,2,1,0
290,49,10,3,3,5,1,4919,2,11,4,0,22,3,2,1,2,1,1
291,36,3,3,3,2,2,4485,4,12,4,0,10,8,0,7,7,1,0
292,31,5,4,3,1,2,2789,1,11,3,1,2,2,2,2,2,0,0
293,26,4,4,2,2,4,5828,1,12,2,0,8,8,7,7,4,1,1
294,37,9,2,3,1,4,2326,1,12,3,1,4,4,2,1,2,0,1
295,42,26,3,3,4,2,13525,5,14,4,1,23,5,4,4,8,0,0
296,18,3,3,3,1,3,1420,1,13,3,0,0,0,0,0,0,1,0
297,35,16,3,3,3,2,8020,0,15,3,2,12,11,9,6,9,0,0
298,36,18,3,4,1,4,3688,4,18,4,2,4,1,0,0,0,0,0
299,51,2,4,1,2,2,5482,5,18,4,1,13,4,1,1,2,0,0
300,41,2,4,3,4,2,16015,1,19,2,0,22,5,10,0,4,1,0
301,18,10,4,2,1,3,1200,1,12,1,0,0,0,0,0,0,1,0
302,28,16,2,4,2,1,5661,0,19,3,0,9,8,3,0,7,1,0
303,31,7,2,4,2,4,6929,4,11,2,1,10,8,7,7,7,0,0
304,39,1,3,4,3,4,9613,0,17,1,1,19,18,10,3,7,0,0
305,36,24,2,3,2,2,5674,7,15,3,1,11,9,8,0,8,0,0
306,32,7,4,2,2,3,5484,1,14,3,1,13,13,8,4,8,0,0
307,38,25,1,2,3,2,12061,3,17,3,1,19,10,8,0,1,0,0
308,58,1,4,1,2,3,5660,2,13,4,1,12,5,3,1,2,0,1
309,31,5,3,3,1,4,4821,0,12,3,1,6,5,2,0,3,0,1
310,31,2,1,2,2,1,6410,3,12,4,0,9,2,2,1,0,0,0
311,45,7,1,3,3,1,5210,1,18,1,1,24,5,9,1,11,0,0
312,31,2,3,3,1,4,2695,0,18,2,1,3,2,2,2,2,0,1
313,33,5,4,3,3,2,11878,6,11,2,2,12,10,6,1,8,0,0
314,39,10,3,3,4,1,4919,1,14,4,0,21,5,9,1,10,0,1
315,43,10,3,3,1,4,2455,0,19,1,0,9,8,7,1,7,1,0
316,49,1,3,2,4,3,13964,7,12,4,0,25,7,1,0,7,1,1
317,52,8,3,2,2,2,4941,2,15,1,0,11,8,2,7,7,0,0
318,27,5,3,3,1,2,2478,1,12,2,0,4,4,3,1,2,1,1
319,32,8,3,2,2,2,5228,1,11,4,0,13,13,12,1,9,0,1
320,27,2,4,3,2,3,4478,1,11,1,0,5,5,4,0,4,1,1
321,31,7,4,3,2,4,7547,4,12,4,1,13,7,7,1,7,0,0
322,32,2,1,4,2,4,5055,7,16,3,0,10,7,7,0,7,1,0
323,28,2,1,1,1,4,3464,5,13,4,0,5,3,2,2,2,0,1
324,30,28,4,3,2,4,5775,1,13,4,2,11,10,8,1,9,0,0
325,31,7,3,2,3,3,8943,1,24,1,1,10,10,9,1,9,0,0
326,39,7,3,2,5,4,4919,1,15,1,1,21,5,9,1,3,0,0
327,39,3,4,3,2,3,5238,4,18,1,0,12,1,0,0,0,0,1
328,33,10,2,2,2,4,4682,3,14,3,0,9,7,7,0,1,1,0
329,47,5,4,3,5,3,4919,4,11,2,1,21,3,2,1,1,0,0
330,43,10,3,2,2,3,5257,1,11,2,1,9,9,7,0,0,0,0
331,27,1,3,3,2,2,6349,0,13,4,1,6,5,4,1,4,0,1
332,54,20,4,3,2,3,4869,3,12,4,0,20,4,3,0,3,1,0
333,43,7,3,3,3,1,9985,8,16,1,1,10,1,0,0,0,0,0
334,45,8,4,3,2,4,3697,2,14,1,2,12,10,9,1,8,0,0
335,40,1,2,1,2,4,7457,2,22,3,1,6,4,3,0,2,0,1
336,29,8,2,1,1,1,2119,1,11,4,0,7,7,7,0,7,0,1
337,29,9,2,2,1,4,3983,0,17,3,0,4,3,2,2,2,1,0
338,30,5,4,2,2,3,6118,1,13,3,1,10,10,9,1,2,0,0
339,27,8,2,3,2,2,6214,1,18,1,1,8,8,7,0,7,0,0
340,37,5,4,3,2,4,6347,7,16,3,2,8,6,2,0,4,0,0
341,38,15,3,2,3,4,11510,0,14,2,1,12,11,10,2,9,0,1
342,31,7,3,3,3,4,7143,1,14,3,0,11,11,9,4,10,1,1
343,29,10,4,2,2,2,8268,1,14,1,2,7,7,7,1,7,0,1
344,35,5,3,3,3,2,8095,0,13,4,0,17,16,6,0,13,1,0
345,23,26,3,3,1,4,2904,1,12,3,2,4,4,2,0,2,0,0
346,41,6,4,2,2,2,6032,6,15,4,0,8,5,4,1,2,1,1
347,47,4,2,3,2,3,2976,3,19,1,0,5,0,0,0,0,1,0
348,42,23,1,3,4,4,15992,2,14,2,0,16,1,0,0,0,1,0
349,29,2,4,3,2,3,4649,1,14,1,1,4,4,3,0,2,0,0
350,42,2,3,3,1,3,2696,0,11,3,1,4,3,2,1,0,0,1
351,32,2,3,3,1,2,2370,1,13,3,1,8,8,0,0,7,0,0
352,48,29,1,3,3,3,12504,3,21,2,1,15,0,0,0,0,0,0
353,37,6,3,4,2,1,5974,4,13,1,2,13,7,7,6,7,0,1
354,30,25,4,3,2,3,4736,7,12,2,1,4,2,2,2,2,0,1
355,26,1,3,3,2,3,5296,1,17,2,1,8,8,7,7,7,0,0
356,42,2,1,2,2,4,6781,3,23,2,0,14,1,0,0,0,1,0
357,21,1,1,2,1,2,2174,1,11,3,0,3,3,2,1,2,1,1
358,36,1,4,3,2,4,6653,4,15,2,0,7,1,0,0,0,1,0
359,36,3,1,2,3,4,9699,4,11,1,1,16,13,9,1,12,0,0
360,57,1,4,3,2,3,6755,2,11,3,0,15,3,2,1,2,0,0
361,40,10,4,4,1,3,2213,3,13,3,1,10,7,7,1,7,0,1
362,21,9,1,3,1,4,2610,1,24,3,0,3,3,2,2,2,1,0
363,33,5,4,3,1,3,2851,1,13,2,0,1,1,0,0,0,1,1
364,37,10,3,3,1,1,3452,6,20,2,1,17,5,4,0,3,0,0
365,46,7,3,3,2,3,5258,2,14,3,0,7,1,0,0,0,0,0
366,41,4,1,3,2,2,9355,1,18,3,0,8,8,7,7,7,1,0
367,50,10,4,2,3,4,10496,6,15,4,0,20,4,3,1,3,1,0
368,40,22,3,2,2,3,6380,2,12,1,2,8,6,4,1,0,0,1
369,31,9,3,2,1,2,2657,0,16,4,0,3,2,2,2,2,1,1
370,21,12,3,4,1,2,2716,1,15,4,0,1,1,0,0,0,1,0
371,29,23,4,3,1,4,2201,2,16,4,0,6,3,2,1,2,1,0
372,35,9,3,2,2,2,6540,2,19,3,0,10,1,1,0,0,1,0
373,27,1,4,3,1,2,3816,1,11,2,1,5,5,2,0,4,0,0
374,28,9,2,3,2,4,5253,1,16,4,0,7,7,5,0,7,1,0
375,49,7,2,2,3,3,10965,8,24,3,0,26,5,2,0,0,1,0
376,51,14,3,3,2,4,4936,4,11,3,1,18,7,7,0,7,0,0
377,36,2,4,3,1,3,2543,4,13,2,1,6,2,2,2,2,0,0
378,34,19,1,4,2,4,5304,8,13,2,0,9,5,2,0,4,1,1
379,55,2,3,3,4,4,4919,2,13,3,0,10,5,4,1,2,1,1
380,24,10,4,3,2,3,4260,1,12,4,1,5,5,2,0,3,0,1
381,30,2,3,3,1,2,2476,1,18,1,1,1,1,0,0,0,0,0
382,26,3,3,3,1,1,3102,0,22,3,0,7,6,4,0,4,1,0
383,22,11,1,3,1,2,2244,1,13,4,1,2,2,1,1,2,0,0
384,36,2,2,2,3,3,7596,1,13,2,2,10,10,9,1,0,0,0
385,30,4,3,3,1,4,2285,2,23,3,0,3,1,0,0,0,1,1
386,37,14,4,3,1,1,3034,1,12,3,1,18,18,7,1,3,0,0
387,40,2,4,3,2,2,5715,7,12,3,2,8,5,4,1,3,0,0
388,42,1,2,3,1,1,2576,3,16,2,1,8,5,2,1,2,0,0
389,37,10,3,3,2,2,4197,2,12,4,0,18,1,0,0,1,1,1
390,43,12,1,2,4,2,14336,1,11,3,1,25,5,10,3,9,0,0
391,40,2,2,2,2,3,3448,6,22,2,1,20,1,0,0,0,0,0
392,54,5,1,3,5,1,4919,4,11,3,1,24,4,2,1,2,0,0
393,34,4,3,3,2,3,6538,2,15,1,1,6,3,2,1,2,0,0
394,31,7,2,3,2,1,4306,1,12,2,1,13,13,10,3,12,0,0
395,43,21,4,3,1,4,2258,7,20,1,1,8,3,2,1,2,0,0
396,43,8,3,3,2,3,4522,4,14,4,0,8,5,2,0,2,0,1
397,25,4,2,2,2,4,4487,1,11,2,0,5,5,4,1,3,1,1
398,37,25,2,3,2,3,4449,3,15,1,2,15,13,11,1,7,0,1
399,31,1,4,2,1,1,2218,1,12,3,1,4,4,2,3,2,0,0
400,39,1,2,3,5,3,4919,1,14,3,1,21,5,8,1,6,0,1
401,56,6,3,4,4,1,13212,2,11,4,1,10,7,7,7,7,0,0
402,30,12,2,3,2,3,6577,0,11,2,0,6,5,4,4,4,1,0
403,41,1,2,4,3,1,8392,1,16,3,1,10,10,7,0,7,0,0
404,28,17,3,3,2,1,4558,1,12,4,1,10,10,0,1,8,0,0
405,25,3,1,3,1,1,4031,5,13,3,1,6,2,2,0,2,0,0
406,52,3,4,2,3,3,7969,2,14,3,0,28,5,4,0,4,0,1
407,45,10,1,3,1,4,2654,3,21,4,2,8,2,2,0,2,0,0
408,52,4,4,3,4,4,16555,2,13,4,0,10,5,2,1,4,0,0
409,42,29,1,3,2,3,4556,2,11,2,1,19,5,4,0,2,0,0
410,30,2,3,1,2,4,6091,2,20,3,0,11,5,4,0,2,1,0
411,60,7,1,3,5,1,4919,5,11,4,0,10,5,8,1,10,0,0
412,46,18,3,3,2,3,4810,2,14,3,1,19,10,7,0,8,0,0
413,42,28,4,2,2,4,4523,0,11,4,1,7,6,5,0,4,0,0
414,24,1,1,3,1,2,3202,1,16,2,0,6,5,3,1,4,1,1
415,34,6,4,1,1,3,2351,0,16,4,1,3,2,2,1,0,0,0
416,38,2,4,3,1,4,1702,1,23,3,1,1,1,0,0,0,0,1
417,40,2,3,3,5,3,4919,0,14,4,0,21,5,3,1,12,0,0
418,26,23,1,3,1,4,2886,1,22,2,2,3,3,2,0,2,0,0
419,30,3,3,3,1,4,2097,4,15,3,1,9,5,3,1,4,0,0
420,29,3,2,2,3,3,11935,1,18,3,0,10,10,2,0,7,0,0
421,29,25,3,2,1,2,2546,5,16,2,0,6,2,2,1,1,0,0
422,19,2,1,2,1,4,2564,1,12,3,0,1,1,0,0,0,1,0
423,30,22,3,3,3,1,8412,0,11,3,0,10,9,8,7,8,0,0
424,57,29,1,2,4,4,14118,3,12,3,1,10,1,0,0,0,0,0
425,50,29,2,2,4,3,4919,0,15,2,1,28,5,10,1,7,0,0
426,30,2,3,3,1,4,2564,0,14,3,0,12,11,7,6,7,1,0
427,60,28,3,2,3,1,10266,4,19,4,0,22,18,13,1,11,0,0
428,47,2,1,3,2,4,5070,5,13,3,1,20,5,0,0,4,0,0
429,46,2,1,3,4,3,4919,6,13,3,0,26,3,2,0,1,0,0
430,35,22,4,1,1,3,4230,0,15,3,0,6,5,4,4,3,1,0
431,54,8,3,3,2,3,3780,7,11,3,0,19,1,0,0,0,1,0
432,34,2,4,2,1,3,2768,3,12,3,1,14,7,3,5,7,0,0
433,46,10,3,2,3,4,9071,2,19,3,1,15,3,2,1,2,0,1
434,31,9,3,3,3,2,10648,1,25,4,1,13,13,8,0,8,0,0
435,33,15,2,3,3,3,13610,7,12,4,0,15,7,6,7,7,0,1
436,33,10,1,1,1,4,3408,7,13,1,1,8,4,3,1,3,0,0
437,30,7,4,3,1,2,2983,0,14,1,0,4,3,2,1,2,1,0
438,35,16,4,3,3,3,7632,4,12,3,0,10,8,7,0,0,0,1
439,31,20,1,3,3,3,9824,3,12,1,0,12,1,0,0,0,0,0
440,34,23,2,3,3,1,9950,2,15,3,1,11,3,2,0,2,0,1
441,42,5,2,3,1,3,2093,4,17,4,1,8,2,2,2,0,0,0
442,36,10,2,3,3,4,9980,1,14,4,0,10,10,3,1,7,1,0
443,22,4,3,2,1,3,3894,5,16,3,0,4,2,2,1,2,1,0
444,48,2,2,3,2,4,4051,2,14,1,1,14,9,7,6,7,0,0
445,55,18,1,3,4,2,4919,3,23,4,0,10,10,9,7,7,1,0
446,41,10,4,3,2,4,6230,7,14,4,0,16,14,3,1,10,1,0
447,35,1,2,3,2,3,4717,2,11,3,0,15,11,9,6,9,0,0
448,40,6,2,3,4,3,13237,7,15,3,0,22,5,6,5,13,1,0
449,39,8,3,3,1,3,3755,1,11,1,1,8,8,3,0,7,0,0
450,31,2,2,3,2,4,6582,4,13,3,0,10,6,5,0,5,1,1
451,42,24,4,3,3,1,7406,1,21,4,1,10,10,9,5,8,0,1
452,45,2,4,3,2,2,4805,0,19,2,1,9,8,7,3,7,0,0
453,26,17,2,3,1,3,2741,0,11,2,1,8,7,7,1,0,0,1
454,29,19,4,3,2,4,4262,4,12,2,2,8,3,2,1,2,0,0
455,33,1,1,4,4,3,16184,4,19,3,1,10,6,1,0,5,0,0
456,31,7,3,2,3,4,11557,2,21,3,1,10,5,4,0,1,0,0
457,18,5,2,3,1,2,1878,1,14,4,0,0,0,0,0,0,1,1
458,40,28,3,1,3,1,10932,3,15,3,1,20,1,0,0,1,0,0
459,41,2,1,2,2,3,6811,2,17,1,0,10,8,7,0,7,1,1
460,26,29,1,3,2,3,4306,5,12,1,2,8,0,0,0,0,0,0
461,35,1,1,3,2,3,4859,1,16,4,0,5,5,4,0,3,1,0
462,34,21,4,4,2,4,5337,1,12,4,0,10,10,7,5,7,1,0
463,26,24,3,1,1,4,2340,1,18,2,0,1,1,0,0,0,1,1
464,37,1,2,3,3,4,7491,4,17,4,0,12,6,5,1,2,1,0
465,46,18,1,3,3,3,10527,5,11,4,0,28,2,2,1,2,0,0
466,41,2,2,3,4,1,4919,7,16,2,1,22,18,3,1,8,0,0
467,37,9,1,3,3,2,8834,1,13,4,1,9,9,5,7,7,0,0
468,52,6,4,3,2,1,5577,3,12,2,2,18,10,9,6,9,0,1
469,32,11,4,4,2,3,4707,8,12,4,0,6,4,2,1,2,0,0
470,24,24,4,3,1,4,2400,0,13,3,2,3,2,2,2,1,0,0
471,38,10,3,3,2,3,9824,3,19,3,1,18,1,0,0,0,0,0
472,37,1,2,3,2,2,6447,6,12,2,1,8,6,5,4,3,0,0
473,49,18,4,2,5,3,4919,1,17,3,1,10,5,9,0,9,0,1
474,24,23,2,4,1,4,2725,1,11,2,2,6,6,5,1,4,0,1
475,26,28,1,3,2,2,6272,1,20,4,2,6,5,3,1,4,0,0
476,24,17,4,2,1,2,2127,1,21,4,1,1,1,0,0,0,0,0
477,50,3,1,3,5,2,4919,1,11,3,1,10,5,5,1,7,0,0
478,25,13,2,3,1,3,2096,1,11,3,0,7,7,4,0,6,0,0
479,24,7,1,3,1,3,2886,1,16,4,1,6,6,3,1,2,0,1
480,30,12,2,2,1,1,2033,1,18,3,1,1,1,0,0,0,0,0
481,34,1,2,2,1,4,3622,1,13,4,1,6,6,5,1,3,0,1
482,31,13,2,3,2,1,4233,2,17,3,0,9,3,1,1,2,0,0
483,35,25,1,2,2,4,3681,4,14,4,0,9,3,2,0,2,1,0
484,31,6,1,4,2,4,5460,4,22,4,2,13,7,7,5,7,0,0
485,27,6,1,2,1,3,2187,0,12,3,2,6,5,3,0,3,0,0
486,37,2,4,3,2,3,9602,4,11,3,1,17,3,0,1,0,0,1
487,20,1,4,2,1,2,2836,1,13,4,0,1,1,0,0,0,1,0
488,42,2,3,3,2,4,4089,1,13,2,2,10,10,2,2,2,0,0
489,43,6,2,2,4,4,4919,4,14,3,1,21,1,0,0,0,0,1
490,38,1,3,3,1,1,2619,3,17,4,0,8,0,0,0,0,1,0
491,43,9,4,3,2,3,5679,3,13,2,1,10,8,7,4,7,0,1
492,48,1,4,2,4,1,15402,7,11,1,1,21,3,2,0,2,0,0
493,44,1,1,2,2,3,5985,4,11,2,0,10,2,2,0,2,1,0
494,34,14,3,3,1,3,2579,1,18,4,2,8,8,2,0,6,0,1
495,27,2,3,3,1,1,3041,0,11,2,1,5,4,3,0,2,0,0
496,21,22,3,3,1,3,3447,1,11,3,0,3,3,2,1,2,1,0
497,44,3,4,3,5,4,4919,4,12,1,1,26,2,2,0,1,0,1
498,22,6,1,3,1,3,2773,0,20,4,0,3,2,2,2,2,0,0
499,33,8,3,3,2,3,7104,0,12,4,0,6,5,0,1,2,0,0
500,32,9,1,3,2,4,6322,1,12,4,1,6,6,4,0,5,0,1
501,30,3,3,3,1,3,2083,1,20,3,1,1,1,0,0,0,0,0
502,53,1,4,3,2,1,8381,7,20,4,0,18,14,7,1,10,1,0
503,34,1,2,3,1,4,2691,1,12,4,1,10,10,9,1,8,0,0
504,45,26,1,3,2,1,4286,2,14,4,2,5,1,1,0,0,0,0
505,26,6,3,3,1,4,2659,1,13,3,1,3,3,2,0,2,0,1
506,37,3,3,3,3,3,9434,1,15,3,1,10,10,7,7,8,0,0
507,29,3,2,3,2,3,5561,1,14,1,1,6,6,0,1,2,0,0
508,35,6,2,1,2,4,6646,1,13,2,0,17,17,11,1,8,1,0
509,33,6,3,3,2,4,7725,3,23,3,1,15,13,11,4,7,0,0
510,54,19,3,3,3,2,10725,2,15,3,1,16,9,7,7,1,0,0
511,36,9,2,2,2,2,8847,2,11,3,1,13,3,2,0,2,0,1
512,27,3,1,2,1,4,2045,0,13,4,0,5,4,2,1,1,1,0
513,20,10,4,3,1,3,1009,1,11,4,0,1,1,0,1,1,1,1
514,33,3,1,3,1,1,3348,1,11,1,0,10,10,8,1,7,1,1
515,35,3,3,2,1,3,1281,1,18,3,2,1,1,0,0,0,0,0
516,23,4,1,4,1,1,2819,2,16,1,1,5,3,2,0,2,0,0
517,25,8,4,4,2,2,4851,0,22,3,1,4,3,2,1,2,0,0
518,38,7,4,2,2,4,4028,0,20,1,0,8,7,7,0,5,1,0
519,29,1,2,1,1,4,2720,1,18,4,1,10,10,7,2,8,0,0
520,48,2,2,4,2,2,8120,3,12,4,0,12,2,2,2,2,0,0
521,27,3,4,4,2,4,4647,1,20,2,2,6,6,5,0,4,0,1
522,37,10,4,4,1,4,4680,3,17,1,0,4,1,0,0,0,1,0
523,50,28,4,4,1,3,3221,1,11,3,1,20,5,8,3,8,0,1
524,34,9,4,2,3,2,8621,1,14,2,0,9,8,7,7,7,1,0
525,24,3,1,3,2,3,4577,2,14,1,0,4,2,2,2,0,1,0
526,39,2,4,2,2,3,4553,1,11,1,0,20,5,7,1,10,1,0
527,32,10,4,3,2,4,5396,1,12,4,0,10,10,7,0,8,1,0
528,50,8,2,3,2,3,6796,3,14,1,1,18,4,3,1,3,0,1
529,38,1,2,4,2,4,7625,0,13,3,0,10,9,7,1,8,1,0
530,27,1,3,3,3,1,7412,1,11,4,0,9,9,7,0,7,0,0
531,32,3,3,3,3,4,11159,3,15,4,0,10,7,7,7,7,1,0
532,47,14,4,3,2,1,4960,2,12,4,0,20,7,7,1,7,1,0
533,40,5,4,2,3,1,10475,5,21,3,1,20,18,13,1,12,0,1
534,53,7,3,4,4,3,14814,3,19,3,0,10,5,1,1,3,0,0
535,41,10,2,2,5,4,4919,3,15,2,1,23,5,6,1,6,0,0
536,60,16,1,3,2,1,5405,8,14,4,0,10,2,2,2,2,1,0
537,27,10,4,3,3,1,8793,1,21,3,2,9,9,7,1,7,0,0
538,41,1,4,2,5,3,4919,1,12,2,1,22,5,7,2,10,0,0
539,50,8,4,3,1,2,3875,7,15,4,1,4,2,2,2,2,0,0
540,28,1,1,1,1,2,2216,7,13,4,0,10,7,7,3,7,1,1
541,36,8,1,4,3,1,11713,2,14,1,1,10,8,7,0,5,0,0
542,38,1,3,3,3,3,7861,4,14,4,0,10,1,0,0,0,1,1
543,44,24,1,1,1,3,3708,2,14,3,0,9,5,2,1,4,1,0
544,47,3,4,3,4,3,13770,2,12,4,2,28,5,2,1,13,0,1
545,30,27,3,3,2,4,5304,7,23,4,1,10,8,7,7,7,0,0
546,29,10,3,3,1,3,2642,1,11,3,0,1,1,0,0,0,1,0
547,42,19,3,4,1,3,2759,6,12,4,0,7,2,2,2,2,0,1
548,43,15,4,2,2,4,6804,3,18,3,1,7,2,2,2,2,0,0
549,34,8,2,3,2,3,6142,3,11,4,0,10,5,1,4,3,1,0
550,23,9,2,3,1,1,2500,1,14,4,1,5,4,3,0,2,0,0
551,39,3,3,4,2,2,6389,2,15,3,1,12,8,3,3,6,0,0
552,56,9,3,3,4,4,11103,7,11,3,0,10,10,7,1,1,0,0
553,40,2,4,2,1,4,2342,0,20,4,0,5,4,2,2,3,1,1
554,27,7,4,2,2,1,6811,8,19,1,0,9,7,6,0,7,1,0
555,29,10,4,3,1,2,2297,1,14,4,2,2,2,2,2,2,0,0
556,53,6,4,3,2,4,2450,2,17,4,0,19,2,2,2,2,1,0
557,35,2,4,3,2,1,5093,2,11,1,1,16,1,0,0,0,0,0
558,32,24,1,3,2,4,5309,1,15,4,2,10,10,8,4,7,0,0
559,38,2,4,3,1,3,3057,6,13,2,1,6,1,0,0,1,0,1
560,34,8,2,3,2,1,5121,3,14,3,1,7,0,0,0,0,0,0
561,52,3,3,2,4,1,4919,1,11,1,0,10,5,6,1,3,0,0
562,33,1,4,3,1,4,2686,1,13,3,0,10,10,9,7,8,1,1
563,25,26,3,3,2,4,6180,1,23,2,0,6,6,5,1,4,1,0
564,45,2,2,1,2,3,6632,0,13,1,0,9,8,7,3,1,1,0
565,23,10,1,4,1,3,3505,1,18,4,0,2,2,2,0,2,1,0
566,47,27,2,4,2,3,6397,4,12,4,0,8,5,4,1,3,1,1
567,34,2,4,3,2,4,6274,1,22,3,0,6,6,5,1,4,1,0
568,55,2,4,3,5,1,4919,5,13,4,1,24,5,2,1,4,0,1
569,36,8,1,2,3,1,7587,1,15,2,0,10,10,7,0,9,1,0
570,52,19,4,3,1,4,4258,0,18,1,1,5,4,3,1,2,0,0
571,26,1,1,1,1,4,4364,3,14,1,1,5,2,2,2,0,0,0
572,29,27,2,3,2,3,4335,4,12,1,1,11,8,7,1,1,0,0
573,26,8,4,2,2,1,5326,6,17,3,0,6,4,3,1,2,1,0
574,34,1,2,4,1,4,3280,2,16,3,0,10,4,2,1,3,1,0
575,54,19,4,3,2,1,5485,2,11,2,2,9,5,3,1,4,0,1
576,27,8,3,3,2,4,4342,0,19,2,1,5,4,2,1,1,0,0
577,37,10,4,3,1,1,2782,0,13,2,2,6,5,3,4,3,0,1
578,38,2,1,4,2,1,5980,6,12,4,0,17,15,7,4,12,1,1
579,34,2,3,2,1,1,4381,1,11,3,0,6,6,5,1,3,1,0
580,35,8,1,3,1,4,2572,1,16,2,1,3,3,2,0,2,0,0
581,30,1,4,1,1,3,3833,3,21,3,2,7,2,2,0,2,0,0
582,40,2,3,4,2,2,4244,1,24,4,1,8,8,7,3,7,0,0
583,34,8,3,3,2,1,6500,5,17,2,1,6,3,2,1,2,0,0
584,42,8,2,3,5,4,4919,1,13,2,1,24,5,7,1,9,0,0
585,23,6,3,4,1,1,1601,1,21,3,2,1,0,0,0,0,0,1
586,24,9,3,2,1,2,2694,1,11,3,1,1,1,0,0,0,0,0
587,52,11,4,3,2,3,3149,8,20,2,1,9,5,2,1,4,0,0
588,50,2,3,3,4,3,4919,5,16,4,0,10,4,3,0,3,0,0
589,29,1,2,2,1,1,2319,1,11,4,1,1,1,0,0,0,0,1
590,33,7,3,3,3,3,11691,0,11,4,0,14,13,9,3,7,0,0
591,33,16,1,3,2,1,5324,5,15,3,0,6,3,2,0,2,1,0
592,47,2,3,3,4,4,4919,1,11,3,1,26,5,14,3,0,0,1
593,36,1,3,3,2,2,5228,0,15,1,1,10,9,7,0,5,0,0
594,29,23,3,4,1,3,2700,1,24,3,1,10,10,7,0,7,0,0
595,58,2,4,3,5,2,4919,7,12,4,0,10,5,3,1,8,1,1
596,35,1,4,4,1,3,2506,3,13,3,0,7,2,2,2,2,1,0
597,42,1,4,2,2,4,6062,2,13,4,1,8,4,3,0,2,0,1
598,28,2,3,3,1,3,4382,6,17,4,0,5,2,2,2,1,1,0
599,36,13,3,3,1,2,2143,4,13,2,1,8,5,2,0,4,0,0
600,32,4,3,2,2,3,6162,1,12,3,1,14,14,13,6,8,0,0
601,40,16,1,2,2,3,5094,6,14,4,0,10,1,0,0,0,1,0
602,30,2,3,2,2,4,6877,5,24,2,0,12,0,0,0,0,1,1
603,45,2,2,2,1,3,2274,1,14,4,0,1,1,0,0,0,1,0
604,42,29,2,3,2,2,4434,1,13,4,1,10,9,8,7,8,0,0
605,38,12,1,2,2,1,6288,2,15,3,1,13,4,3,1,2,0,0
606,34,16,3,2,1,4,2553,1,16,3,0,6,5,2,1,3,1,0
607,49,11,3,3,3,4,7654,1,18,1,2,9,9,8,7,7,0,0
608,55,2,3,3,2,4,5160,4,16,3,0,12,9,7,7,3,1,0
609,43,14,2,3,4,1,4919,6,24,3,1,22,4,1,1,0,0,0
610,27,5,3,2,3,4,12808,1,16,2,1,9,9,8,0,8,0,1
611,35,7,3,3,3,3,10221,3,21,2,0,17,8,5,1,6,1,0
612,28,2,2,3,2,2,4779,1,20,1,0,8,8,7,7,5,0,1
613,34,3,3,3,1,4,3737,0,19,3,1,4,3,2,0,2,0,0
614,26,5,3,2,1,3,2366,1,14,1,1,8,8,7,1,7,0,1
615,27,3,4,3,1,4,1706,1,11,3,1,0,0,0,0,0,0,0
616,51,26,1,3,4,3,16307,2,14,3,1,10,5,6,4,3,0,0
617,44,4,4,3,2,2,5933,2,12,4,0,10,5,2,2,3,1,0
618,25,2,1,4,1,1,3424,7,13,3,0,6,4,3,0,1,1,0
619,33,1,1,4,2,1,4037,1,22,1,1,9,9,8,0,8,0,0
620,35,27,3,2,1,1,2559,1,11,4,0,6,6,5,1,1,1,0
621,36,1,2,3,2,4,6201,1,14,4,1,18,18,14,4,11,0,1
622,32,13,2,3,2,4,4403,2,11,3,1,8,5,2,0,3,0,0
623,30,5,2,2,1,4,3761,2,12,2,1,10,5,4,0,3,0,0
624,53,7,1,2,3,4,10934,7,18,4,1,10,5,2,0,4,0,1
625,45,9,4,3,3,1,10761,4,12,3,1,18,5,4,0,2,0,1
626,32,8,3,4,2,3,5175,5,12,3,1,9,5,3,1,3,0,0
627,52,25,3,2,4,4,13826,3,22,3,0,10,9,8,0,0,0,0
628,37,16,4,2,2,3,6334,4,19,4,2,9,1,0,0,0,0,0
629,28,8,2,2,1,4,4936,1,13,4,1,6,5,1,0,4,0,0
630,22,1,4,2,2,4,4775,6,22,1,2,4,2,2,2,2,0,0
631,44,8,1,4,1,4,2818,2,24,3,1,10,3,2,0,2,0,1
632,42,2,2,3,1,4,2515,5,14,4,0,8,2,1,2,2,1,1
633,36,8,1,2,1,1,2342,0,21,3,0,6,5,4,0,3,0,0
634,25,3,3,3,2,1,4194,1,18,4,0,5,5,3,0,3,0,1
635,35,9,4,2,3,3,10685,1,20,2,1,17,17,14,5,3,0,1
636,35,25,4,3,1,2,2022,1,19,1,1,10,10,2,7,8,0,1
637,32,1,4,3,1,4,2314,0,12,2,1,4,3,0,0,2,0,0
638,25,4,3,2,2,1,4256,1,12,1,0,5,5,2,0,3,0,0
639,49,1,3,3,1,1,3580,2,16,2,1,7,4,2,0,2,0,0
640,24,4,1,2,1,4,3162,0,17,4,0,6,5,2,3,4,0,0
641,32,5,2,3,2,2,6524,1,14,4,1,10,10,8,5,3,0,0
642,38,9,2,2,1,2,2899,0,19,4,1,3,2,2,1,2,0,0
643,42,3,3,4,2,4,5231,2,13,2,1,17,5,3,1,3,0,1
644,31,11,4,3,1,4,2356,3,19,2,1,8,6,4,0,2,0,1
645,29,1,2,2,1,3,2800,6,19,3,1,5,3,2,0,2,0,1
646,53,8,1,3,4,4,11836,5,14,3,1,28,2,0,2,2,0,0
647,35,25,4,2,3,2,10903,3,16,1,0,16,13,10,4,8,0,0
648,37,21,3,3,1,4,2973,5,15,2,1,10,5,4,0,0,0,0
649,53,23,4,3,4,4,14275,6,18,3,0,10,12,9,3,8,1,0
650,43,1,4,3,2,4,5562,4,13,2,1,12,5,2,2,2,0,0
651,47,2,3,3,2,4,4537,0,22,1,1,8,7,6,7,7,0,1
652,37,19,1,3,3,2,7642,1,13,4,0,10,10,0,0,9,1,1
653,50,2,1,3,4,1,4919,1,11,4,1,10,5,6,1,7,0,0
654,39,2,4,2,2,4,5204,8,11,3,2,13,5,4,0,4,0,0
655,33,3,4,3,1,2,2277,3,11,3,1,7,4,3,0,3,0,1
656,32,25,1,3,1,4,2795,1,24,3,0,1,1,0,0,1,1,1
657,29,7,1,2,1,4,2532,6,14,3,1,8,4,3,0,3,0,0
658,44,9,2,3,1,1,2559,1,13,4,0,8,8,7,7,1,0,1
659,28,5,1,3,2,4,4908,1,14,2,0,4,4,2,0,2,1,0
660,58,2,4,2,1,4,2380,2,14,4,1,3,1,0,0,0,0,1
661,43,8,1,3,2,2,4765,4,21,3,1,4,1,0,0,0,0,0
662,20,2,3,2,1,3,2044,1,13,4,0,2,2,2,0,2,1,0
663,21,18,4,3,1,4,2693,1,19,1,0,1,1,0,0,0,1,0
664,36,14,3,3,2,4,6586,0,17,1,1,17,16,8,4,11,0,1
665,47,2,4,2,1,4,3294,1,18,1,0,3,3,2,1,2,1,1
666,22,3,2,3,2,3,4171,0,19,1,1,4,3,2,0,2,0,1
667,41,2,2,1,1,4,2778,4,13,3,1,10,7,7,1,0,0,1
668,28,9,3,3,1,3,2377,5,18,2,1,6,2,2,2,2,0,0
669,39,6,4,3,1,1,2404,7,21,4,0,8,2,2,2,2,0,1
670,27,4,2,3,1,3,2318,1,19,3,0,1,1,1,0,0,1,0
671,34,10,2,3,1,2,2008,1,14,2,2,1,1,0,1,0,0,0
672,42,14,3,2,2,3,6244,7,17,1,0,10,5,4,0,3,1,0
673,33,1,3,2,1,1,2799,3,11,2,0,6,3,2,0,2,1,1
674,58,5,3,2,3,2,10552,2,13,4,1,24,6,0,0,4,0,1
675,31,7,2,2,1,3,2329,3,15,2,0,13,7,7,5,2,0,0
676,35,21,4,3,2,4,4014,1,25,4,1,10,10,6,0,7,0,1
677,49,8,1,3,3,2,7403,4,11,3,1,10,5,9,1,7,0,0
678,48,20,4,3,1,3,2259,4,17,1,2,13,0,0,0,0,0,0
679,31,20,4,3,2,3,6932,1,13,4,1,9,9,8,0,0,0,0
680,36,7,2,3,1,4,4678,2,18,3,0,8,6,2,0,1,1,0
681,38,1,4,3,3,1,13582,1,13,2,1,15,15,12,5,11,0,0
682,32,1,3,2,1,2,2332,6,20,3,0,5,3,0,0,2,0,0
683,25,19,3,2,1,2,2413,1,18,3,1,1,1,0,0,0,0,1
684,40,10,1,2,3,2,9705,2,12,2,1,11,1,0,0,0,0,0
685,26,1,3,2,2,1,4294,1,12,2,0,7,7,7,0,7,1,0
686,41,6,4,3,1,1,4721,2,13,3,0,20,18,13,2,3,1,1
687,36,2,3,3,1,3,2519,4,21,3,0,16,11,8,3,9,1,0
688,19,21,4,2,1,2,2121,1,13,2,0,1,1,0,0,0,1,1
689,20,4,1,3,1,1,2973,1,19,2,0,1,1,0,0,0,1,0
690,31,12,4,3,2,4,5855,0,11,3,2,10,9,7,1,5,0,1
691,40,9,4,3,1,2,3617,8,14,4,1,3,1,1,0,0,0,1
692,32,3,3,3,2,1,6725,1,12,3,1,8,8,7,6,3,0,0
693,36,3,3,2,3,4,10325,1,11,1,1,16,16,7,3,7,0,1
694,33,1,2,2,2,4,6949,0,14,1,0,6,5,0,1,4,1,0
695,37,1,1,2,3,3,10609,5,11,3,0,17,14,1,1,7,0,0
696,45,4,3,3,2,2,4447,1,12,2,0,9,9,7,0,8,0,0
697,29,20,3,3,1,4,2157,1,15,2,1,3,3,1,0,2,0,0
698,35,18,3,3,2,3,4601,1,16,2,0,5,5,2,1,0,0,0
699,52,1,4,3,4,4,4919,2,15,2,1,26,9,8,7,8,0,0
700,58,2,4,3,1,3,2479,4,24,1,0,7,1,0,0,0,1,0
701,53,2,3,3,4,3,14852,6,13,3,1,22,17,13,1,2,0,0
702,30,8,3,3,3,3,7264,5,11,1,1,10,8,4,7,7,0,0
703,38,10,3,3,2,4,5666,1,13,2,0,6,5,3,1,3,1,1
704,35,3,4,3,3,4,7823,6,13,2,1,12,10,9,0,8,0,0
705,39,2,1,4,3,3,7880,0,18,4,0,9,8,7,0,7,1,0
706,40,24,2,4,4,2,13194,4,16,4,0,22,1,0,0,0,1,1
707,47,16,3,4,2,3,5067,1,19,3,0,20,5,10,2,7,0,1
708,36,8,1,3,2,4,5079,4,13,4,2,12,7,7,0,7,0,0
709,31,9,3,2,1,1,2321,0,22,1,0,4,3,2,1,2,1,1
710,33,17,4,3,4,3,4919,1,11,4,0,10,10,8,6,0,1,0
711,29,10,4,2,1,1,2404,6,20,3,0,3,0,0,0,0,1,1
712,33,13,2,3,1,4,3452,3,18,1,0,5,3,2,0,2,1,0
713,45,1,4,3,1,4,2270,3,14,4,2,8,5,3,0,2,0,0
714,50,1,4,3,4,4,4919,2,22,3,1,10,5,4,1,3,0,0
715,33,1,3,4,2,2,5488,1,13,1,1,6,6,5,1,2,0,1
716,41,9,1,3,5,3,4919,2,17,2,1,21,18,3,0,11,0,0
717,27,16,3,3,1,2,2811,2,14,2,1,4,2,2,2,2,0,0
718,45,23,4,3,2,1,3633,1,15,3,1,9,9,8,0,8,0,1
719,47,4,4,3,2,4,4163,1,17,3,0,9,9,0,0,7,1,1
720,30,22,1,3,1,3,2132,4,11,2,0,7,5,2,0,1,0,1
721,50,24,4,3,4,3,13973,3,18,4,1,22,12,11,1,5,0,1
722,38,10,3,3,1,3,2684,0,17,2,1,3,2,1,0,2,0,0
723,46,7,4,3,3,3,10845,6,13,2,1,13,8,7,0,7,0,0
724,24,17,4,2,2,3,4377,1,15,2,2,5,4,2,3,2,0,0
725,35,14,3,2,1,2,3743,1,24,4,1,5,4,2,0,2,0,1
726,31,1,3,3,2,1,4148,1,12,3,1,4,4,3,0,3,0,0
727,18,5,2,3,1,4,1051,1,15,4,0,0,0,0,0,0,1,0
728,54,17,3,3,3,3,10739,8,11,3,1,22,10,7,0,8,0,0
729,35,25,3,3,3,3,10388,1,11,3,1,16,16,10,1,1,0,1
730,30,8,2,4,3,1,11416,0,12,3,1,9,8,7,1,7,0,1
731,20,11,4,2,1,1,2600,1,15,1,0,1,1,0,0,0,1,1
732,30,5,2,3,1,2,2422,0,17,1,0,4,3,2,1,2,1,0
733,26,2,4,4,2,4,5472,1,12,2,0,8,8,7,1,3,0,0
734,22,8,2,1,1,1,2451,1,15,1,1,4,4,3,1,1,0,0
735,48,6,1,2,2,3,4240,2,13,4,0,19,2,2,2,2,1,0
736,48,4,3,2,3,3,10999,7,14,2,0,27,15,11,4,8,1,0
737,41,7,4,3,2,3,5003,6,14,2,0,8,2,2,2,1,1,0
738,39,1,4,2,4,4,12742,1,16,3,1,21,5,6,1,8,0,0
739,27,2,1,3,2,4,4227,0,18,2,1,4,3,2,2,2,0,0
740,35,10,2,3,1,4,3917,1,20,1,1,3,3,2,1,2,0,0
741,42,5,4,3,5,3,4919,6,13,2,0,21,1,0,0,0,0,0
742,50,9,1,3,1,4,2380,4,18,2,0,8,1,0,0,0,0,0
743,59,2,3,2,4,4,13726,3,13,1,0,10,5,3,4,3,1,1
744,37,11,1,1,2,2,4777,5,15,1,0,15,1,0,0,0,0,0
745,55,18,3,3,2,2,6385,3,14,4,2,17,8,7,6,7,0,1
746,41,7,2,1,5,3,4919,1,22,2,2,21,5,3,5,10,0,0
747,38,3,2,3,2,4,6861,8,12,3,0,19,1,0,0,0,1,1
748,26,29,2,1,2,1,4969,8,18,4,0,7,2,2,2,2,1,0
749,52,2,1,1,5,4,4919,1,15,4,1,10,5,14,6,9,0,0
750,44,28,4,4,4,4,13320,3,18,3,1,23,12,11,1,11,0,1
751,50,1,4,3,2,3,6347,0,12,1,1,19,18,7,0,13,0,0
752,36,16,3,4,1,1,2743,1,16,3,0,18,17,13,1,14,1,0
753,39,22,4,3,3,1,10880,1,13,3,0,21,5,6,2,8,1,1
754,33,8,2,2,1,4,2342,0,19,4,0,3,2,2,2,2,1,0
755,45,11,4,3,4,4,4919,3,13,2,1,26,9,3,1,1,0,0
756,32,29,4,3,1,3,4025,2,12,2,0,10,8,7,7,7,1,0
757,34,1,2,4,2,4,9725,0,11,4,1,16,15,1,0,9,0,0
758,59,1,2,3,3,4,11904,3,14,3,1,14,6,4,0,4,0,1
759,45,24,2,3,1,2,2177,1,16,1,0,6,6,3,0,4,1,0
760,53,2,3,2,3,2,7525,2,12,1,1,10,15,7,6,12,0,0
761,36,15,1,3,2,3,4834,7,14,2,1,9,1,0,0,0,0,0
762,26,2,1,3,1,1,2042,6,14,2,1,6,3,2,1,2,0,1
763,34,10,3,3,1,3,2220,1,19,4,1,1,1,1,0,0,0,1
764,28,10,4,3,1,2,1052,1,22,2,0,1,1,0,0,0,0,0
765,38,3,3,3,1,3,2821,3,16,1,1,8,2,2,2,2,0,0
766,50,2,2,3,5,3,4919,2,11,4,1,10,8,1,7,7,0,1
767,37,3,4,3,2,2,4107,3,15,1,0,8,4,3,0,1,1,0
768,40,26,3,3,2,1,8396,1,14,2,1,8,7,7,7,5,0,0
769,26,1,1,2,1,3,2007,1,13,3,2,5,5,3,1,3,0,0
770,46,1,4,3,5,4,4919,2,17,4,2,23,2,2,2,2,0,0
771,54,2,3,2,3,3,10686,6,11,2,1,13,9,4,7,0,0,0
772,56,9,1,3,1,3,2942,2,19,2,1,18,5,4,0,3,0,0
773,36,12,4,2,3,4,8858,0,11,2,0,15,14,8,7,8,1,0
774,55,2,3,2,4,1,4919,7,15,2,0,10,9,7,6,2,1,0
775,43,25,3,2,3,4,10798,5,13,3,1,18,1,0,0,0,0,0
776,20,9,4,3,1,4,2323,1,14,2,0,2,2,2,0,2,1,1
777,21,10,3,2,1,1,1416,1,13,1,0,1,1,0,1,0,1,0
778,46,8,4,2,2,1,4615,8,23,1,1,19,16,13,1,7,0,1
779,51,4,1,3,1,3,2461,2,12,3,1,18,10,0,2,7,0,1
780,28,24,2,2,3,1,8722,1,12,1,0,10,10,7,1,9,1,0
781,26,1,1,2,1,1,3955,1,16,1,2,6,5,3,1,3,0,0
782,30,20,3,3,2,1,9957,0,15,3,1,7,6,2,0,2,0,0
783,41,7,2,4,1,3,3376,1,13,3,0,10,10,6,0,8,0,0
784,38,17,3,2,3,3,8823,0,18,1,1,20,5,9,1,9,0,0
785,40,20,1,3,3,4,10322,4,20,4,1,14,11,10,1,1,0,0
786,27,8,1,1,1,3,4621,1,19,4,1,3,3,2,1,2,0,0
787,55,2,4,3,3,2,10976,3,18,2,1,23,3,2,1,2,0,0
788,28,10,3,3,2,3,3660,3,13,4,0,10,8,7,1,7,1,0
789,44,1,2,2,3,1,10482,2,14,4,1,24,5,6,3,6,0,0
790,33,5,4,2,3,4,7119,4,15,3,1,9,3,2,1,2,0,0
791,35,4,4,3,3,1,9582,0,22,1,0,9,8,7,4,7,1,1
792,33,29,1,2,2,3,4508,1,22,2,0,14,13,7,3,8,1,0
793,28,15,1,3,1,3,2207,1,16,4,1,4,4,2,2,2,0,0
794,34,3,1,3,2,4,7756,0,17,3,0,7,6,2,0,4,1,0
795,37,10,4,2,2,4,6694,2,14,3,1,8,1,0,0,0,0,1
796,25,4,4,3,1,4,3691,1,15,2,1,7,7,7,5,6,0,1
797,26,21,1,3,1,3,2377,1,20,3,1,1,1,1,0,0,0,0
798,33,25,1,2,1,2,2313,4,20,2,0,5,2,2,2,2,1,1
799,42,2,4,3,4,1,4919,0,17,4,1,23,5,6,1,7,0,0
800,28,1,1,2,1,2,2596,1,15,1,2,1,1,0,0,0,0,0
801,50,1,4,3,2,3,4728,3,14,4,0,5,0,0,0,0,1,1
802,33,7,4,3,2,2,4302,0,17,3,1,4,3,2,0,2,0,0
803,34,3,3,2,1,4,2979,3,17,4,1,6,0,0,0,0,0,0
804,48,1,1,4,4,4,4919,2,22,3,0,27,5,4,2,1,1,0
805,45,9,2,2,2,3,5593,1,13,4,1,15,15,10,4,12,0,0
806,52,7,2,3,3,2,10445,7,19,4,0,18,8,6,4,0,1,0
807,38,10,3,2,3,3,8740,0,14,2,2,9,8,7,2,7,0,1
808,29,28,3,3,1,4,2514,4,22,1,1,11,7,5,1,7,0,0
809,28,3,4,3,3,2,7655,0,17,2,1,10,9,7,1,7,0,0
810,46,3,1,3,4,3,4919,3,12,4,1,23,12,9,4,9,0,0
811,38,2,4,3,3,2,7351,7,16,3,0,10,1,0,0,0,1,0
812,43,27,3,3,3,1,10820,8,11,3,1,18,8,7,0,1,0,0
813,39,2,1,3,4,4,12169,7,11,4,1,21,18,7,1,5,0,0
814,40,14,3,2,5,3,4919,1,14,1,0,21,5,7,4,9,1,0
815,21,1,4,2,1,2,2070,1,11,3,0,2,2,2,2,2,1,1
816,39,9,3,3,2,2,6782,2,15,3,0,9,5,4,0,3,1,0
817,36,18,1,3,2,4,7779,2,20,1,0,18,11,9,0,9,1,0
818,31,20,3,4,1,4,2791,0,12,1,1,3,2,2,2,2,0,0
819,28,2,1,2,1,2,3201,0,17,1,0,6,5,3,0,4,0,0
820,35,11,4,3,2,4,4968,1,11,4,1,5,5,2,0,2,0,0
821,49,8,4,2,4,2,13120,6,17,2,1,22,9,8,2,3,0,0
822,34,2,4,3,2,3,4033,2,11,4,0,5,3,2,0,2,1,0
823,29,10,4,3,1,2,3291,0,14,4,2,8,7,5,1,1,0,0
824,42,29,2,1,2,4,4272,4,19,1,0,16,1,0,0,0,1,0
825,29,8,2,2,2,4,5056,1,15,3,1,10,10,7,1,2,0,1
826,38,1,3,4,1,3,2844,1,13,4,1,7,7,6,5,0,0,0
827,28,6,3,2,1,3,2703,1,14,4,1,3,3,1,0,2,0,1
828,18,8,3,3,1,3,1904,1,12,4,0,0,0,0,0,0,1,0
829,33,9,1,3,2,1,8224,0,17,1,0,6,5,2,0,3,1,1
830,41,12,2,3,1,4,4766,3,11,1,1,6,1,0,0,0,0,1
831,31,15,3,3,1,3,2610,1,12,3,1,2,2,2,2,2,0,0
832,37,25,3,2,2,4,5731,7,13,3,2,9,6,2,1,3,0,0
833,27,6,4,2,1,3,2539,1,13,3,1,4,4,2,2,2,0,0
834,34,9,2,3,2,3,5714,1,20,1,0,6,6,5,1,3,0,0
835,35,8,3,3,1,3,4323,1,17,2,0,6,5,4,1,4,1,0
836,29,23,4,2,3,1,7336,1,13,1,1,11,11,8,3,10,0,0
837,40,9,2,3,3,3,13499,2,17,3,0,20,18,7,2,13,1,0
838,42,12,3,3,4,1,13758,0,12,2,0,22,5,9,1,14,1,1
839,42,4,2,3,2,1,5155,7,13,4,0,9,6,4,1,5,1,0
840,35,1,4,2,1,3,2258,6,12,2,1,10,8,0,1,7,0,0
841,24,24,4,3,1,2,3597,8,22,4,0,6,4,3,1,2,1,0
842,28,12,3,3,1,4,2515,1,11,4,0,1,1,1,0,0,0,1
843,26,3,1,4,1,4,4420,1,22,2,1,8,8,7,0,7,0,0
844,30,10,3,2,2,3,6578,1,18,1,1,10,10,3,1,4,0,0
845,40,26,3,2,2,4,4422,3,13,4,1,16,1,1,0,0,0,1
846,35,2,3,2,3,2,10274,2,18,2,1,15,7,7,6,4,0,0
847,34,1,4,2,2,1,5343,0,20,3,0,14,13,9,4,9,1,0
848,35,4,4,2,1,4,2376,1,13,2,1,2,2,2,2,2,0,0
849,43,9,1,1,2,3,5346,8,13,2,0,7,4,3,1,3,1,0
850,32,2,3,3,1,1,2827,1,12,3,1,1,1,0,0,0,0,0
851,56,4,4,3,5,1,4919,4,13,4,1,28,5,2,4,2,0,0
852,29,6,2,3,1,4,3131,1,13,1,1,10,10,8,0,8,0,0
853,19,9,3,3,1,1,2552,1,25,3,0,1,1,1,0,0,1,0
854,45,7,1,3,1,3,4477,4,19,3,1,7,3,2,0,2,0,1
855,37,1,4,2,2,4,6474,1,13,2,1,14,14,8,3,11,0,0
856,20,3,1,2,1,3,3033,1,12,1,0,2,2,2,1,2,1,0
857,44,10,3,3,1,3,2936,1,11,3,0,6,6,4,0,2,1,1
858,53,7,4,3,5,3,4919,3,18,2,1,26,7,7,4,7,0,0
859,29,15,2,1,1,4,2168,0,18,1,1,6,5,4,1,3,0,1
860,22,3,3,2,1,4,2853,0,11,2,1,1,0,0,0,0,0,1
861,46,2,3,3,4,1,4919,8,23,1,0,28,5,3,1,9,0,0
862,44,17,4,1,1,3,2290,2,13,4,0,6,0,0,0,0,1,0
863,33,2,2,3,1,3,3600,1,13,4,1,5,5,4,1,4,0,0
864,41,5,1,2,1,1,2107,6,17,1,1,5,1,0,0,0,0,0
865,30,29,3,3,2,1,4115,8,19,3,1,8,4,3,0,3,0,0
866,40,2,2,3,2,2,4327,5,12,4,1,5,0,0,0,0,0,0
867,50,2,4,3,4,1,4919,2,22,3,1,10,2,2,2,2,0,0
868,28,19,4,2,1,1,3196,1,12,3,1,6,6,5,3,3,0,0
869,46,15,4,3,5,2,4919,5,11,1,1,25,4,2,0,3,0,0
870,35,17,3,3,2,1,8966,3,15,4,1,15,7,7,1,7,0,1
871,24,17,4,3,1,2,2210,1,13,1,1,1,1,0,0,0,0,0
872,33,25,2,3,2,3,4539,1,12,1,1,10,10,7,0,1,0,0
873,36,6,3,1,1,3,2741,1,14,3,1,7,7,7,1,7,0,0
874,30,7,3,3,2,3,3491,1,13,1,1,10,10,7,1,9,0,0
875,44,29,4,3,2,4,4541,1,25,2,0,20,5,11,1,3,1,0
876,20,21,3,4,1,4,2678,1,17,4,0,2,2,1,2,2,1,0
877,46,2,4,3,2,4,7379,2,11,3,1,12,6,3,1,4,0,0
878,42,2,4,4,2,1,6272,7,16,1,1,10,4,3,0,3,0,0
879,60,7,2,4,2,4,5220,0,18,2,1,12,11,7,1,9,0,1
880,32,13,3,2,1,2,2743,1,20,3,1,2,2,2,2,2,0,0
881,32,2,4,3,2,3,4998,4,14,4,0,10,8,7,0,7,1,1
882,36,1,3,1,3,1,10252,2,21,3,1,17,7,7,7,7,0,1
883,33,9,1,3,1,4,2781,0,13,2,1,15,14,10,4,10,0,0
884,40,10,2,2,2,2,6852,7,12,2,1,7,5,1,1,3,0,0
885,25,10,3,3,2,4,4950,0,14,2,0,5,4,3,1,1,1,0
886,30,1,4,3,1,2,3579,0,21,1,1,12,11,9,5,7,0,1
887,42,26,1,3,3,1,13191,3,17,3,0,20,1,0,0,0,0,1
888,35,8,3,2,3,4,10377,4,11,2,1,16,13,2,4,12,0,1
889,27,14,1,3,1,1,2235,1,14,4,2,9,9,7,6,8,0,1
890,54,1,4,3,3,3,10502,7,17,1,1,10,5,4,1,4,0,0
891,44,2,1,4,1,4,2011,1,13,4,1,10,10,5,7,7,0,0
892,19,10,1,2,1,2,1859,1,25,2,0,1,1,1,0,0,1,1
893,29,1,1,3,1,4,3760,1,15,1,1,3,3,2,1,2,0,0
894,54,3,4,3,4,4,4919,3,14,1,0,10,10,9,0,9,0,0
895,31,11,3,3,2,1,6833,1,12,4,0,6,6,5,0,1,0,1
896,31,24,3,2,2,1,6812,1,19,2,0,10,10,9,1,8,1,0
897,59,3,3,2,2,4,5171,5,17,4,0,13,6,1,0,5,1,0
898,43,3,3,1,5,4,4919,3,14,2,1,25,8,7,0,7,0,0
899,49,4,1,2,5,3,4919,2,13,3,1,23,1,0,0,0,0,0
900,36,3,3,3,1,2,3692,1,12,3,0,12,11,10,0,7,0,0
901,48,2,4,4,1,2,2559,5,11,3,0,7,1,0,0,0,1,0
902,27,4,1,3,1,3,2517,1,11,2,1,5,5,3,0,3,0,0
903,29,7,3,3,2,4,6623,1,11,2,2,6,6,0,1,0,0,1
904,48,1,4,2,5,4,4919,6,12,3,0,25,1,0,0,0,1,0
905,29,1,4,2,4,4,16124,3,14,2,2,9,7,7,1,7,0,0
906,34,20,3,4,1,3,2585,0,17,4,0,2,1,0,0,0,0,0
907,44,5,2,3,5,2,4919,7,11,3,1,26,5,9,3,10,0,0
908,33,10,4,4,3,3,8380,0,14,4,2,10,9,8,0,8,0,1
909,19,25,2,4,1,4,2994,1,12,4,0,1,1,0,0,1,1,1
910,23,1,4,3,1,3,1223,1,22,4,1,1,1,0,0,1,0,0
911,25,24,3,1,1,4,1118,1,14,4,0,1,1,0,1,0,1,1
912,26,4,3,3,1,4,2875,1,20,2,0,8,8,5,2,2,1,1
913,45,2,1,1,5,2,4919,2,16,1,0,26,5,10,1,11,1,1
914,55,8,4,2,4,2,13577,1,15,4,1,10,5,9,1,0,0,1
915,21,10,1,2,1,3,2625,1,20,3,0,2,2,2,2,2,1,0
916,46,4,4,2,5,2,4919,2,14,3,1,26,11,4,0,8,0,0
917,34,2,3,3,2,1,4538,0,12,4,0,4,3,2,0,2,1,1
918,51,9,4,3,5,2,4919,4,24,1,1,10,5,10,1,10,0,1
919,59,18,4,3,3,4,10512,6,12,4,0,25,9,7,5,4,1,0
920,34,19,3,3,2,2,4444,4,13,3,2,15,11,8,5,10,0,0
921,28,1,4,3,1,3,2154,0,11,3,0,5,4,2,0,2,1,1
922,44,4,3,4,5,1,4919,1,14,4,2,26,5,9,1,13,0,0
923,34,11,3,2,2,2,4490,4,11,4,2,14,10,9,1,8,0,0
924,35,6,3,3,1,3,3506,0,14,4,0,4,3,2,2,2,0,1
925,42,7,2,4,2,2,2372,6,16,4,0,18,1,0,0,0,0,1
926,43,4,4,2,3,4,10231,3,14,4,0,23,5,7,1,3,1,0
927,36,2,3,3,2,2,5410,2,11,4,0,18,16,14,5,12,1,1
928,44,15,1,3,3,4,7978,1,11,4,1,10,10,7,0,5,0,0
929,28,2,4,2,1,4,3867,1,12,2,1,2,2,2,2,2,0,1
930,51,6,2,2,1,3,2838,0,14,2,0,8,7,0,7,7,1,0
931,30,9,3,3,2,3,4695,7,18,3,0,10,8,4,1,7,1,1
932,29,7,2,3,1,3,3339,3,13,1,2,10,7,7,7,7,0,1
933,28,1,4,3,1,1,2080,2,11,2,0,5,3,2,1,2,1,0
934,25,1,4,3,1,2,2096,1,18,4,0,2,2,2,2,1,1,0
935,32,8,3,4,2,4,6209,1,15,3,2,10,10,7,0,8,0,0
936,45,25,2,3,5,2,4919,3,22,3,0,22,0,0,0,0,1,0
937,39,13,3,2,4,2,4919,6,13,4,2,21,5,9,1,2,0,1
938,58,23,1,3,1,3,2372,1,12,4,2,2,2,2,2,2,0,0
939,32,7,4,3,2,3,4883,1,18,1,1,10,10,4,1,1,0,0
940,39,23,3,3,1,1,3904,0,13,1,0,6,5,2,0,3,1,0
941,30,6,1,2,2,4,4627,0,12,1,1,10,9,2,6,7,0,0
942,36,10,4,3,3,3,7094,3,12,1,0,10,7,7,1,7,0,0
943,46,1,4,3,1,1,3423,6,12,3,0,10,7,6,5,7,1,0
944,28,1,3,1,2,4,6674,0,11,1,1,10,9,8,7,5,0,0
945,50,28,4,3,4,1,4919,4,11,2,0,25,3,2,1,2,0,1
946,40,25,4,2,3,2,9094,2,12,3,0,9,5,4,1,0,1,1
947,52,5,2,3,3,2,8446,2,19,3,0,10,8,7,7,7,1,1
948,30,17,2,3,3,1,11916,1,23,4,2,9,9,1,0,8,0,1
949,39,18,1,3,2,3,4534,0,11,1,0,9,8,7,1,7,1,0
950,31,2,4,3,3,3,9852,1,19,1,1,10,10,8,1,6,0,1
951,41,10,3,1,2,2,6151,1,13,1,0,19,5,2,1,9,1,0
952,31,1,4,3,1,2,2302,1,11,1,0,3,3,2,2,2,1,1
953,44,3,1,3,1,1,2362,4,12,3,0,10,3,2,1,2,0,0
954,42,2,3,3,4,3,4919,0,13,4,0,21,5,8,2,10,0,1
955,55,2,4,1,5,3,4919,4,14,4,1,23,5,9,1,11,0,0
956,56,8,4,3,5,2,4919,6,14,1,0,10,7,3,7,7,1,0
957,40,16,3,3,1,3,3544,2,16,2,1,6,4,2,0,0,0,0
958,34,9,4,3,3,4,8500,0,11,4,1,10,9,7,1,6,0,0
959,40,2,3,3,2,4,4661,1,13,3,0,9,9,8,1,8,1,0
960,41,1,3,3,2,1,4103,0,17,4,1,10,9,3,1,7,0,0
961,35,4,3,3,2,3,4249,1,11,2,0,9,9,6,1,1,1,1
962,51,5,3,3,4,2,14026,1,11,2,1,10,5,9,0,10,0,1
963,38,2,2,3,2,1,6893,3,15,4,1,11,7,7,1,7,0,0
964,34,15,3,3,2,1,6125,1,12,4,0,10,10,8,1,6,1,0
965,25,19,4,3,1,4,3669,3,11,3,1,7,3,2,1,2,0,0
966,58,7,3,2,3,1,10008,7,14,4,0,10,10,9,5,9,0,1
967,40,1,2,3,1,2,2387,3,22,3,1,7,4,2,0,3,0,0
968,36,7,1,4,2,1,4639,2,16,4,1,17,15,7,6,13,0,0
969,48,4,4,3,3,4,7898,1,11,3,0,11,10,9,0,8,1,0
970,27,11,3,4,1,4,2534,8,14,2,1,5,1,0,0,0,0,0
971,51,11,4,2,4,2,13142,3,16,2,0,10,5,2,0,3,1,0
972,18,1,4,3,1,4,1611,1,15,3,0,0,0,0,0,0,1,0
973,35,1,4,2,2,4,5363,0,12,2,1,10,9,7,0,0,0,0
974,27,2,4,1,2,4,5071,3,20,2,0,8,6,2,0,0,1,0
975,55,13,1,4,4,3,13695,6,17,3,0,24,5,7,3,8,1,1
976,56,23,4,3,4,2,13402,4,12,1,1,10,5,3,1,9,0,1
977,34,26,1,2,1,3,2029,1,20,3,1,5,5,4,0,0,0,0
978,40,2,2,4,2,3,6377,5,20,2,1,15,12,11,1,8,0,0
979,34,29,2,3,2,3,5429,4,13,1,2,10,8,7,7,7,0,0
980,31,2,3,2,1,4,2785,7,14,3,0,3,1,0,0,0,1,0
981,35,18,4,3,2,3,4614,0,18,3,1,5,4,2,3,2,0,1
982,38,7,4,4,1,3,2610,1,11,4,1,4,4,2,0,3,0,0
983,34,2,3,3,2,4,6687,1,11,4,0,14,14,11,4,11,1,0
984,28,26,3,2,2,1,4724,1,11,3,1,5,5,3,0,4,0,0
985,31,22,4,3,2,3,6179,1,15,4,2,10,10,2,6,7,0,1
986,39,21,1,2,2,4,6120,3,12,4,2,8,5,4,1,4,0,1
987,51,2,2,3,3,2,10596,2,11,2,0,14,4,2,3,2,0,0
988,41,22,4,3,2,4,5467,3,14,1,2,12,6,2,3,3,0,1
989,37,4,3,3,1,3,2996,7,15,4,0,8,6,4,1,3,0,1
990,33,5,2,3,2,4,9998,6,13,1,0,8,5,4,1,2,0,0
991,32,2,3,3,2,2,4078,0,13,1,1,4,3,2,1,2,0,1
992,39,25,3,3,3,3,10920,3,21,2,1,13,6,4,0,5,0,0
993,25,18,1,4,2,3,6232,2,11,2,0,6,3,2,1,2,0,0
994,52,28,4,4,4,3,13247,2,11,2,1,24,5,3,0,2,0,1
995,43,6,1,2,2,3,4081,1,14,1,0,20,5,7,1,8,1,1
996,27,10,4,2,2,4,5769,1,11,4,0,6,6,2,4,4,0,1
997,27,17,4,3,1,3,2394,1,13,4,0,8,8,2,7,7,1,1
998,26,2,1,2,1,4,3904,0,12,4,0,5,4,3,1,1,1,0
999,42,10,3,3,4,1,4919,0,14,3,1,21,5,7,0,9,0,0
1000,52,8,3,3,1,1,2950,2,13,3,0,12,5,4,0,4,0,0
1001,37,11,1,3,1,3,3629,4,18,1,0,8,3,2,0,2,1,0
1002,35,18,3,3,3,4,9362,2,11,3,0,10,2,2,2,2,1,0
1003,25,1,1,3,1,4,3229,4,11,2,1,7,3,2,0,2,0,0
1004,26,7,3,4,1,1,3578,0,12,4,0,8,7,7,0,7,1,0
1005,29,17,2,2,3,1,7988,1,13,1,0,10,10,9,0,9,1,0
1006,49,28,1,2,2,1,4284,3,20,1,0,20,4,3,1,3,1,0
1007,29,14,3,3,3,4,7553,0,12,1,0,9,8,7,7,7,1,1
1008,54,1,4,3,4,4,4919,6,19,4,0,10,5,7,1,7,1,0
1009,58,1,4,3,5,1,4919,3,21,3,1,10,9,8,1,5,0,1
1010,55,1,2,4,4,4,14732,2,13,4,2,10,7,7,0,0,0,0
1011,36,3,1,3,2,2,9278,3,16,4,0,15,5,4,0,1,1,1
1012,31,1,2,1,1,3,1359,1,12,2,0,1,1,0,0,0,1,0
1013,30,7,4,3,2,1,4779,7,14,2,2,8,3,2,0,2,0,0
1014,31,8,1,3,4,2,16422,3,11,3,0,9,3,2,1,0,1,0
1015,34,1,4,3,1,1,2996,5,14,3,2,10,4,3,1,3,0,0
1016,31,8,1,2,1,2,1261,1,12,3,0,1,1,0,0,0,1,0
1017,27,11,2,3,1,1,2099,0,14,2,0,6,5,0,1,4,0,0
1018,36,4,1,2,2,4,5810,1,16,3,0,10,10,4,1,8,1,0
1019,36,16,3,2,2,1,5647,4,13,1,2,11,3,2,0,2,0,0
1020,47,1,1,3,1,4,3420,7,12,3,1,17,6,5,1,2,0,0
1021,25,9,1,2,1,1,4400,3,12,1,0,6,3,2,2,2,0,0
1022,37,5,3,4,1,3,3500,0,14,1,0,7,6,5,1,3,1,0
1023,56,1,1,3,1,1,2066,2,22,4,1,5,3,2,1,0,0,0
1024,47,2,1,3,4,3,4919,3,19,2,2,26,5,3,5,6,0,0
1025,24,4,4,3,2,3,4162,1,12,3,2,5,5,4,0,3,0,1
1026,32,7,4,3,2,4,9204,4,12,3,1,7,4,3,0,3,0,0
1027,34,1,4,2,1,2,3294,5,17,1,1,7,5,4,0,2,0,0
1028,41,5,2,4,1,3,2127,2,12,1,0,7,4,2,0,3,0,1
1029,40,9,3,3,2,3,3975,3,11,3,2,11,8,7,0,7,0,0
1030,31,8,1,3,3,4,10793,1,18,1,1,13,13,7,1,9,0,0
1031,46,9,1,3,3,4,10096,4,11,1,1,28,7,7,4,3,0,0
1032,39,2,1,2,1,1,3646,2,23,2,0,11,1,0,0,0,1,1
1033,31,1,3,4,3,2,7446,1,11,1,0,10,10,8,4,7,1,0
1034,45,20,2,1,3,1,10851,2,18,2,1,24,7,7,0,7,0,1
1035,31,8,4,4,1,2,2109,2,18,4,0,8,3,2,0,2,1,0
1036,31,2,2,3,1,4,3722,6,13,3,1,7,2,2,2,2,0,1
1037,45,29,2,3,3,4,9380,4,18,4,2,10,3,1,1,2,0,1
1038,48,7,3,3,2,1,5486,4,11,1,1,15,2,2,2,2,0,0
1039,34,9,1,3,1,3,2742,1,15,4,0,2,2,2,2,2,0,0
1040,40,8,4,2,3,2,13757,2,11,3,1,16,9,8,4,8,0,0
1041,28,5,4,3,2,1,8463,0,18,4,0,6,5,4,1,3,1,0
1042,44,5,3,2,1,3,3162,3,14,4,0,7,5,2,0,3,1,0
1043,53,2,4,4,4,2,4919,4,12,2,0,10,9,8,1,8,1,0
1044,49,5,1,3,2,3,6651,2,14,2,1,20,3,2,1,2,0,0
1045,40,2,3,3,1,3,2345,2,14,3,1,8,3,1,1,2,0,0
1046,44,20,4,3,1,2,3420,1,13,3,0,6,5,2,1,3,1,0
1047,33,7,4,3,2,1,4373,0,14,1,2,5,4,3,0,3,0,0
1048,34,3,4,1,2,1,4759,3,18,4,0,15,13,9,3,12,1,0
1049,30,16,4,3,2,3,5301,8,15,3,2,4,2,1,2,2,0,0
1050,42,9,1,3,1,4,3673,1,13,3,0,12,12,9,5,8,1,0
1051,44,1,1,3,2,3,4768,7,12,3,1,11,1,0,0,0,0,0
1052,30,7,3,3,1,3,1274,1,13,2,2,1,1,0,0,0,0,0
1053,57,1,2,4,2,3,4900,0,24,1,1,13,12,9,2,8,0,0
1054,49,7,3,3,3,2,10466,3,14,2,2,10,8,7,0,7,0,0
1055,34,15,2,3,4,1,4919,7,14,4,2,16,14,8,6,9,0,0
1056,28,1,1,3,1,3,2909,3,15,4,1,5,3,2,1,2,0,0
1057,29,13,1,3,2,2,5765,5,11,1,0,7,5,3,0,0,1,0
1058,34,24,1,2,2,2,4599,0,23,3,0,16,15,9,1,10,1,1
1059,35,7,4,3,1,3,2404,1,13,1,1,1,1,0,0,0,0,0
1060,24,9,2,3,1,1,3172,2,11,3,0,4,0,0,0,0,1,1
1061,24,13,4,3,1,2,2033,1,13,3,1,1,1,0,0,0,0,0
1062,44,2,2,3,3,3,10209,5,18,2,0,16,2,2,2,2,1,1
1063,29,19,3,2,2,3,8620,1,14,3,2,10,10,7,0,4,0,0
1064,30,1,3,3,1,3,2064,0,21,1,1,6,5,3,1,3,0,0
1065,55,4,4,3,2,3,4035,0,16,2,0,4,3,2,1,2,0,1
1066,33,4,1,2,1,2,3838,8,11,4,0,8,5,4,0,2,0,0
1067,47,14,3,3,2,3,4591,3,17,3,1,11,5,4,1,2,0,1
1068,28,2,3,2,1,1,2561,7,11,3,0,8,0,0,0,0,1,0
1069,28,1,1,2,1,3,1563,1,14,4,1,1,1,0,0,0,0,0
1070,28,7,3,3,2,1,4898,0,14,4,0,5,4,2,1,3,1,0
1071,49,3,3,2,2,1,4789,4,25,1,1,10,3,2,1,2,0,0
1072,29,2,4,3,1,2,3180,0,13,3,1,4,3,2,0,2,0,0
1073,28,29,3,1,2,2,6549,1,14,2,2,8,8,6,1,7,0,0
1074,33,8,4,3,2,3,6388,2,17,1,0,14,0,0,0,0,1,1
1075,32,10,3,3,3,4,11244,2,25,2,0,10,5,2,0,0,1,0
1076,54,11,2,3,4,4,16032,3,20,1,1,26,14,9,1,12,0,0
1077,29,1,1,2,1,1,2362,6,13,3,0,11,9,7,0,7,1,0
1078,44,28,4,3,4,1,16328,3,13,3,1,24,5,6,1,3,0,0
1079,39,6,2,3,3,2,8376,4,18,4,0,9,2,0,2,2,1,0
1080,46,3,3,3,4,2,4919,8,12,4,1,23,13,12,5,1,0,0
1081,35,16,4,2,3,2,8606,1,19,4,0,11,11,8,3,3,1,0
1082,23,20,1,3,2,3,2272,0,14,2,0,5,4,3,1,2,1,0
1083,40,9,4,3,1,1,2018,3,14,2,0,15,5,4,1,0,1,0
1084,34,1,4,2,3,3,7083,1,14,4,0,10,10,9,1,6,0,1
1085,31,3,4,3,1,3,4084,1,12,1,0,7,7,2,7,7,1,0
1086,50,22,3,1,4,4,14411,1,13,4,0,10,5,6,1,9,1,1
1087,34,7,2,3,1,3,2308,0,25,2,1,12,11,10,5,7,0,1
1088,42,2,3,2,1,2,4841,4,14,2,1,4,1,0,0,0,0,0
1089,37,13,1,3,2,4,4285,1,17,1,0,10,10,8,3,7,0,0
1090,29,8,3,1,2,1,9715,3,13,3,1,9,7,7,0,7,0,0
1091,33,25,4,2,2,2,4320,1,13,4,0,5,5,3,0,2,1,0
1092,45,28,4,3,1,4,2132,4,20,4,1,8,5,4,0,3,0,0
1093,42,2,4,3,3,4,10124,2,14,3,1,24,5,8,1,9,0,1
1094,40,9,1,3,2,1,5473,0,12,4,0,9,8,4,7,1,0,0
1095,33,28,2,3,2,3,5207,1,12,2,1,15,15,14,5,7,0,1
1096,40,6,3,3,4,4,16437,1,21,4,0,21,5,7,7,7,1,1
1097,24,21,3,2,1,1,2296,0,14,2,1,2,1,1,0,0,0,0
1098,40,8,4,3,2,4,4069,3,18,3,0,8,2,2,2,2,0,1
1099,45,1,1,3,3,2,7441,1,12,1,1,10,10,8,7,7,0,0
1100,35,28,2,2,1,3,2430,0,23,1,2,6,5,3,4,2,0,0
1101,32,5,4,2,2,2,5878,3,12,1,1,12,7,1,2,5,0,0
1102,36,2,3,3,1,4,2644,3,21,4,0,7,3,2,1,2,1,1
1103,48,16,3,3,2,3,6439,8,14,3,1,18,8,7,7,7,0,0
1104,29,9,3,4,1,3,2451,6,18,1,2,5,1,0,0,0,0,0
1105,33,8,1,3,2,1,6392,2,13,4,1,8,2,2,2,2,0,0
1106,30,1,2,2,2,1,9714,1,11,4,1,10,10,8,6,7,0,0
1107,38,10,3,3,2,3,6077,3,11,3,0,10,6,3,1,2,0,0
1108,35,1,4,2,1,1,2450,1,19,2,0,3,3,0,1,2,1,0
1109,30,29,3,3,3,2,9250,3,12,2,1,9,4,2,1,3,0,0
1110,35,2,1,3,1,1,2074,1,12,4,1,1,1,0,0,0,0,1
1111,53,2,3,2,3,4,10169,0,16,2,1,10,5,7,1,9,0,0
1112,38,2,3,3,2,2,4855,4,11,1,2,7,5,2,1,4,0,0
1113,32,1,4,3,2,1,4087,4,14,2,1,9,6,5,1,2,0,0
1114,48,15,3,3,1,1,2367,8,12,4,1,10,8,2,7,6,0,0
1115,34,7,1,3,1,4,2972,1,13,3,0,1,1,0,0,0,1,0
1116,55,26,3,2,5,4,4919,1,21,3,1,10,5,6,2,13,0,0
1117,34,1,2,3,2,4,5484,2,17,2,1,9,2,2,2,1,0,0
1118,26,3,1,3,1,4,2061,1,21,1,0,1,1,0,0,0,0,0
1119,38,14,3,3,2,2,9924,0,11,4,1,10,9,8,7,7,0,0
1120,38,16,2,3,2,2,4198,2,12,2,0,8,3,2,1,2,1,0
1121,36,1,2,3,2,3,6815,6,13,1,0,15,1,0,0,0,1,0
1122,29,3,2,3,1,1,4723,1,18,4,0,10,10,9,1,5,1,1
1123,35,10,1,3,2,3,6142,3,16,3,0,10,5,2,0,4,1,1
1124,39,6,4,4,3,3,8237,2,11,1,1,11,7,6,7,6,0,0
1125,29,2,1,3,2,4,8853,1,19,4,1,6,6,4,1,3,0,0
1126,50,9,3,3,5,3,4919,4,16,3,1,27,1,0,0,0,0,1
1127,23,10,4,4,1,3,2073,2,16,4,1,4,2,2,2,2,0,0
1128,36,6,1,4,2,1,5562,3,13,4,1,9,3,2,0,2,0,1
1129,42,9,4,2,5,4,4919,8,22,4,0,24,1,0,0,1,1,0
1130,35,28,2,4,2,3,3407,1,17,4,2,10,10,9,6,8,0,0
1131,34,10,4,2,2,3,5063,1,14,2,1,8,8,2,7,7,0,0
1132,40,14,4,3,2,1,4639,1,15,3,1,5,5,4,1,2,0,0
1133,43,27,4,4,1,2,4876,5,12,3,1,8,6,4,0,2,0,0
1134,35,7,3,2,1,4,2690,1,18,4,1,1,1,0,0,1,0,0
1135,46,1,4,4,4,1,4919,1,15,2,0,27,5,0,0,12,1,0
1136,28,24,3,3,1,2,2408,1,17,3,1,1,1,1,0,0,0,1
1137,22,26,2,2,1,3,2814,1,14,2,0,4,4,2,1,3,0,1
1138,50,20,2,3,4,3,11245,2,15,3,1,10,5,8,1,13,0,1
1139,32,5,2,4,1,4,3312,3,17,4,2,6,3,2,0,2,0,0
1140,44,7,2,3,5,4,4919,0,14,4,1,23,5,7,1,10,0,1
1141,30,7,2,2,1,2,2141,1,12,2,1,6,6,4,1,1,0,0
1142,45,5,3,1,2,1,5769,1,14,1,0,10,10,7,1,4,1,1
1143,45,26,1,2,2,1,4385,1,15,1,1,10,10,7,4,5,0,0
1144,31,2,4,3,2,1,5332,7,13,4,0,10,5,2,0,3,1,0
1145,36,12,3,3,2,3,4663,2,12,2,2,7,3,2,1,1,0,1
1146,34,10,3,4,2,4,4724,1,13,1,1,9,9,7,7,2,0,0
1147,49,25,3,3,1,1,3211,1,14,4,1,10,9,6,1,4,0,0
1148,39,10,2,3,2,1,5377,2,13,4,1,10,7,7,7,7,0,0
1149,27,19,4,2,1,1,4066,1,11,1,2,7,7,7,0,7,0,0
1150,35,18,2,4,2,1,5208,1,11,4,0,16,16,3,1,10,0,0
1151,28,27,2,1,2,1,4877,0,21,2,1,6,5,3,0,0,0,0
1152,21,5,3,3,1,4,3117,1,18,3,0,3,2,2,2,2,1,0
1153,18,3,2,3,1,4,1569,1,12,3,0,0,0,0,0,0,1,1
1154,47,26,4,3,5,3,4919,3,11,3,1,27,5,2,1,0,0,0
1155,39,3,3,2,2,3,3069,0,15,4,1,11,10,8,0,7,0,0
1156,40,15,1,2,3,3,10435,1,13,4,2,18,18,3,1,12,0,0
1157,35,8,3,3,2,3,4148,1,12,4,1,15,14,11,2,9,0,0
1158,37,19,3,3,2,3,5768,3,17,1,1,9,4,3,0,2,0,0
1159,39,4,1,3,2,3,5042,0,13,4,0,10,9,2,3,8,1,0
1160,45,2,4,2,2,4,5770,1,19,1,2,10,10,7,3,9,0,0
1161,38,2,4,2,3,3,7756,3,19,4,1,10,5,4,0,2,0,1
1162,35,10,4,2,3,1,10306,2,17,3,0,15,13,12,6,0,0,0
1163,37,10,2,3,1,2,3936,1,11,1,1,8,8,4,7,7,0,0
1164,40,16,3,3,3,4,7945,6,15,4,0,18,4,2,3,3,1,1
1165,44,1,1,3,2,4,5743,4,11,3,0,14,10,7,0,2,0,1
1166,48,4,3,2,4,4,15202,2,25,2,1,23,2,2,2,2,0,0
1167,35,15,1,1,2,4,5440,6,14,4,2,7,2,2,2,2,0,1
1168,24,2,1,3,1,4,3760,1,13,3,0,6,6,3,1,3,1,1
1169,27,8,2,4,1,3,3517,7,17,1,0,5,3,2,0,2,0,0
1170,27,2,4,3,1,4,2580,2,13,3,0,6,4,2,1,2,1,0
1171,40,7,1,3,1,1,2166,3,14,2,0,10,4,2,0,3,1,1
1172,29,10,3,2,2,3,5869,2,11,3,0,8,5,2,1,4,1,0
1173,36,5,2,3,3,1,8008,4,12,3,2,9,3,2,0,2,0,0
1174,25,2,4,4,2,3,5206,1,17,3,2,7,7,7,0,7,0,0
1175,39,12,4,3,2,2,5295,4,21,3,0,7,5,4,1,0,0,0
1176,49,22,1,3,4,2,16413,3,16,2,2,27,4,2,1,2,0,0
1177,50,17,4,2,3,1,13269,5,15,3,1,19,14,11,1,11,0,0
1178,20,2,3,3,1,3,2783,1,19,1,0,2,2,2,2,2,1,0
1179,34,3,4,3,2,2,5433,1,12,3,1,11,11,8,7,9,0,0
1180,36,7,1,3,1,2,2013,2,11,3,0,15,4,3,1,3,1,0
1181,49,6,3,2,4,3,13966,2,19,2,1,10,15,11,2,12,0,1
1182,36,1,4,2,2,3,4374,0,15,3,0,4,3,2,1,2,0,0
1183,36,3,4,4,2,1,6842,6,20,1,1,13,5,4,0,4,0,0
1184,54,22,2,3,4,3,4919,3,25,3,1,10,10,8,4,7,0,0
1185,43,15,3,2,4,3,4919,1,24,1,1,14,14,10,6,11,0,0
1186,35,12,4,3,2,4,4581,3,24,1,0,13,11,9,6,7,1,1
1187,38,1,4,3,2,4,4735,7,15,4,2,19,13,11,2,9,0,0
1188,29,5,1,2,2,2,4187,1,13,2,1,10,10,0,0,9,0,1
1189,33,2,4,3,2,4,5505,1,14,3,2,6,6,2,0,4,0,0
1190,32,2,4,3,2,2,5470,0,13,3,2,10,9,5,1,6,0,0
1191,31,5,1,3,2,4,5476,1,11,1,2,10,10,0,0,2,0,0
1192,49,16,4,3,1,1,2587,4,16,2,1,17,2,2,2,2,0,1
1193,38,2,4,2,1,2,2440,1,22,2,0,4,4,3,3,3,1,0
1194,47,2,2,4,4,2,15972,6,14,3,1,10,3,2,1,2,0,0
1195,49,1,3,3,4,3,15379,4,14,1,0,23,8,7,0,0,1,0
1196,41,23,4,3,3,3,7082,3,16,4,0,21,2,0,0,2,1,1
1197,20,9,4,3,1,1,2728,1,11,1,0,2,2,2,0,2,1,0
1198,33,16,3,3,2,4,5368,1,25,3,1,7,6,5,1,2,0,1
1199,36,26,1,3,2,3,5347,6,14,2,2,10,3,2,0,2,0,0
1200,44,1,3,3,1,4,3195,4,18,1,1,8,2,2,2,2,0,1
1201,23,8,4,2,1,3,3989,1,11,1,0,5,5,4,1,2,1,1
1202,38,4,4,3,1,3,3306,7,19,4,1,7,0,0,0,0,0,0
1203,53,24,2,4,3,4,7005,3,15,3,0,11,4,3,1,2,0,0
1204,48,7,4,3,1,3,2655,2,11,3,2,19,9,7,7,7,0,1
1205,32,2,4,3,1,2,1393,1,12,1,0,1,1,0,0,0,1,0
1206,26,7,4,3,1,4,2570,1,20,3,0,7,7,7,5,7,1,0
1207,55,22,1,2,1,2,3537,5,12,4,1,8,4,2,1,2,0,0
1208,34,5,2,2,2,4,3986,1,14,3,1,15,15,10,4,13,0,0
1209,60,1,3,1,3,4,10883,3,20,3,1,19,1,0,0,0,0,0
1210,33,21,2,4,1,2,2028,1,18,4,1,14,14,11,2,13,0,0
1211,37,1,3,1,2,4,9525,1,14,3,2,6,6,3,1,3,0,0
1212,34,19,2,2,1,4,2929,1,12,2,0,10,10,9,1,7,0,0
1213,23,7,3,3,1,4,2275,1,21,2,1,3,3,2,0,2,0,1
1214,44,2,3,4,3,4,7879,1,19,2,1,9,8,7,6,7,0,1
1215,35,2,1,2,1,4,4930,0,14,3,0,6,5,4,1,4,1,1
1216,43,2,4,3,2,4,7847,1,17,1,1,10,10,9,1,8,0,1
1217,24,9,3,4,1,3,4401,1,16,4,1,5,5,3,0,4,0,0
1218,41,6,4,3,3,3,9241,1,12,2,0,10,10,8,1,7,1,0
1219,29,9,4,3,1,3,2974,2,17,3,1,9,5,3,1,2,0,0
1220,36,2,3,3,2,4,4502,3,15,3,0,17,13,7,6,7,1,0
1221,45,1,3,2,3,3,10748,3,23,4,1,25,5,3,1,4,0,0
1222,24,22,4,1,1,3,1555,1,11,3,1,1,1,0,0,0,0,0
1223,47,9,3,1,4,3,12936,7,11,3,0,25,5,5,1,10,0,0
1224,26,17,4,1,1,3,2305,1,15,3,1,3,3,2,0,2,0,0
1225,45,28,4,2,4,2,4919,1,11,3,0,21,5,6,1,6,1,0
1226,32,10,1,3,1,3,3433,6,13,1,1,10,5,2,1,3,0,0
1227,31,2,2,3,1,3,3477,1,14,4,1,6,5,2,0,3,0,0
1228,41,4,3,1,2,2,6430,6,19,2,1,10,3,2,1,2,0,0
1229,40,8,2,3,2,1,6516,2,16,2,1,18,1,0,0,0,0,1
1230,24,29,2,3,1,1,3907,1,13,2,1,6,6,2,1,2,0,0
1231,46,13,3,3,2,2,5562,6,14,4,0,19,10,7,0,9,1,0
1232,35,27,4,3,2,3,6883,2,16,2,1,17,7,7,0,7,0,0
1233,30,16,2,3,1,4,2862,1,12,2,1,10,10,0,0,8,0,0
1234,47,2,3,3,2,2,4978,7,11,4,1,4,1,0,0,0,0,0
1235,46,2,3,3,3,4,10368,4,12,2,1,13,10,6,0,3,0,1
1236,36,13,2,2,2,1,6134,5,13,2,1,16,2,2,2,2,0,1
1237,32,1,1,1,2,2,6735,6,15,2,0,10,0,0,0,0,1,0
1238,23,4,3,3,1,2,3295,1,13,3,0,3,3,2,1,2,1,0
1239,31,24,4,3,2,4,5238,2,20,4,0,9,5,4,1,4,1,0
1240,39,1,4,3,2,4,6472,1,15,4,1,9,9,8,5,8,0,1
1241,32,19,4,1,3,3,9610,3,13,3,1,10,4,3,0,2,0,0
1242,40,7,2,3,5,2,4919,1,14,2,0,21,5,8,1,8,1,0
1243,45,4,3,1,3,3,9756,4,21,3,2,9,5,0,0,3,0,0
1244,30,2,4,2,1,1,4968,0,16,4,0,10,9,7,0,7,1,0
1245,24,10,1,3,1,4,2145,0,14,4,1,3,2,2,2,1,0,0
1246,30,8,3,2,1,4,2180,6,11,3,1,6,4,2,1,2,0,0
1247,31,5,1,3,2,3,8346,1,19,3,1,6,5,2,0,2,0,0
1248,27,8,3,3,1,4,3445,1,11,3,0,6,6,2,1,4,1,0
1249,29,9,2,1,1,2,2760,1,13,3,0,2,2,2,2,2,1,0
1250,29,1,4,4,2,3,6294,8,12,4,0,10,3,2,0,2,1,1
1251,30,15,3,2,3,1,7140,2,11,1,1,12,7,7,1,7,0,0
1252,34,2,4,4,1,4,2932,0,14,1,1,6,5,0,1,2,0,1
1253,33,2,4,3,2,2,5147,8,15,4,0,13,11,7,1,7,1,0
1254,49,11,4,3,2,4,4507,3,12,3,0,8,5,1,0,4,1,0
1255,33,16,1,3,3,1,8564,2,20,3,0,11,0,0,0,0,1,1
1256,38,2,3,2,1,2,2468,4,14,2,1,9,6,1,0,5,0,0
1257,31,16,1,3,3,3,8161,2,13,1,1,10,1,0,0,0,0,0
1258,29,4,4,2,1,1,2109,1,13,3,1,1,1,0,0,0,0,0
1259,30,16,3,4,2,3,5294,3,16,3,1,10,7,0,1,7,0,0
1260,32,5,2,3,1,2,2718,2,14,2,0,12,7,7,0,7,1,0
1261,38,18,2,1,2,4,5811,3,16,3,1,15,1,0,1,0,0,1
1262,43,17,3,2,1,3,2437,2,16,4,1,6,1,0,0,0,0,1
1263,42,12,2,3,1,2,2766,8,22,2,1,7,5,3,0,4,0,0
1264,55,2,3,2,5,1,4919,8,12,2,1,10,1,0,0,0,0,0
1265,33,4,4,3,2,2,3055,5,15,4,2,11,9,8,1,7,0,0
1266,41,9,3,3,1,1,2289,1,20,2,2,5,5,3,0,4,0,0
1267,34,10,4,3,2,3,4001,1,14,3,1,15,15,14,0,7,0,1
1268,53,1,1,2,4,3,12965,4,20,4,1,27,3,2,0,2,0,1
1269,43,2,2,3,1,4,3539,0,13,2,0,10,9,7,1,8,1,0
1270,34,3,4,1,2,4,6029,5,12,1,0,6,2,2,2,2,1,0
1271,21,7,2,3,1,2,2679,1,13,2,0,1,1,0,1,0,1,0
1272,38,6,4,2,1,3,3702,1,11,2,1,5,5,4,0,4,0,0
1273,22,8,3,3,1,1,2398,1,17,3,0,1,1,0,0,0,0,1
1274,31,29,1,2,2,4,5468,1,14,1,2,13,12,7,5,7,0,0
1275,51,3,1,3,3,3,13116,2,11,4,0,15,2,2,2,2,0,0
1276,37,9,2,2,2,2,4189,1,14,1,2,5,5,2,0,3,0,0
1277,46,2,3,3,5,4,4919,7,17,3,1,24,2,1,2,2,0,1
1278,36,10,4,3,3,1,8321,7,13,4,1,15,12,8,5,7,0,1
1279,44,1,3,3,1,2,2342,1,12,3,1,6,5,3,2,3,0,1
1280,37,8,3,3,2,2,4071,2,13,3,0,19,10,0,4,7,0,0
1281,35,27,3,3,2,4,5813,1,18,4,0,10,10,7,7,7,1,1
1282,33,8,4,4,1,1,3143,6,19,2,1,14,10,8,7,6,0,0
1283,28,1,3,3,1,4,2044,1,11,3,1,5,5,3,0,3,0,0
1284,39,10,3,3,3,3,13464,7,21,3,0,9,4,3,2,2,1,0
1285,46,26,2,2,2,2,7991,8,15,3,0,6,2,2,2,2,1,0
1286,40,2,3,3,1,1,3377,4,17,4,1,7,4,3,0,2,0,0
1287,42,13,2,4,2,1,5538,5,18,3,2,10,0,0,0,0,0,0
1288,35,2,2,3,2,4,5762,2,14,3,1,15,7,7,1,7,0,0
1289,38,2,1,3,1,2,2592,5,13,4,1,13,11,10,3,8,0,0
1290,34,9,4,3,2,1,5346,4,17,3,1,11,7,1,0,7,0,0
1291,37,10,4,3,2,1,4213,1,15,2,0,10,10,3,0,8,1,0
1292,39,20,3,3,2,4,4127,2,18,4,1,7,2,1,2,2,0,0
1293,43,9,1,3,1,3,2438,4,13,3,0,7,3,2,1,2,1,0
1294,41,5,2,4,2,2,6870,3,12,1,0,11,3,2,1,2,1,0
1295,41,4,3,3,3,3,10447,0,13,4,1,23,5,14,1,5,0,1
1296,30,10,1,3,3,3,9667,2,14,2,0,9,7,7,0,2,1,0
1297,26,20,4,3,1,2,2148,0,11,3,0,6,5,1,1,4,0,1
1298,46,21,4,3,2,2,8926,4,22,4,1,13,9,7,3,7,0,0
1299,40,1,3,3,2,4,6513,4,17,4,1,12,5,3,0,3,0,0
1300,34,8,2,4,2,3,6799,1,21,3,2,10,10,8,4,8,0,0
1301,58,2,2,3,4,2,16291,4,22,4,1,10,16,9,1,14,0,0
1302,35,23,2,1,1,3,2705,0,16,2,1,6,5,4,0,3,0,0
1303,47,4,3,2,3,2,10333,8,12,3,1,28,5,11,1,10,0,1
1304,40,12,2,3,2,1,4448,2,12,2,1,15,7,4,7,7,0,0
1305,54,7,4,3,2,4,6854,4,15,2,1,14,7,1,1,7,0,0
1306,31,7,1,3,3,1,9637,2,14,4,2,9,3,2,2,2,0,0
1307,28,1,3,3,1,1,3591,1,25,3,1,3,3,2,1,2,0,0
1308,38,2,2,1,2,4,5405,2,20,1,2,20,4,2,0,3,0,1
1309,26,10,3,3,2,4,4684,1,13,1,0,5,5,3,1,2,1,0
1310,58,15,1,3,4,3,15787,2,14,2,0,23,2,2,2,2,0,1
1311,18,14,2,3,1,3,1514,1,16,3,0,0,0,0,0,0,1,0
1312,31,18,4,4,1,1,2956,0,17,3,0,2,1,0,0,0,0,0
1313,29,13,1,2,1,1,2335,4,15,4,1,4,2,2,2,0,0,1
1314,45,2,3,3,2,3,5154,4,22,2,2,10,8,7,5,7,0,0
1315,36,2,4,3,2,2,6962,4,22,4,1,15,1,0,0,0,0,1
1316,43,2,1,3,2,4,5675,1,20,3,1,7,7,7,7,7,0,0
1317,27,5,4,3,1,4,2379,0,14,3,0,6,5,4,0,2,1,1
1318,29,20,4,3,1,4,3812,1,13,2,0,11,11,8,3,10,0,0
1319,32,10,4,3,2,4,4648,8,13,3,0,4,0,0,0,0,1,0
1320,42,10,3,3,1,3,2936,3,22,2,2,10,6,3,3,3,0,0
1321,47,9,2,3,1,3,2105,4,12,3,0,7,2,2,2,0,1,0
1322,46,2,4,3,3,4,8578,3,14,3,1,12,9,8,4,7,0,0
1323,28,1,3,3,1,4,2706,1,15,2,1,3,3,2,2,2,0,0
1324,29,29,4,1,2,3,6384,8,17,4,2,11,7,0,1,6,0,0
1325,42,8,4,3,1,3,3968,4,13,4,0,8,0,0,0,0,1,0
1326,32,2,3,2,2,2,9907,7,12,3,0,7,2,2,2,2,1,1
1327,46,3,1,4,4,1,13225,2,12,4,1,25,5,3,2,8,0,0
1328,27,23,2,2,2,3,3540,1,21,4,1,9,9,8,5,8,0,0
1329,29,6,4,2,1,2,2804,1,11,4,0,1,1,0,0,0,0,0
1330,43,6,1,2,5,3,4919,7,13,4,0,21,16,12,6,14,0,0
1331,48,10,4,2,5,2,4919,4,12,4,0,10,5,10,1,9,0,0
1332,29,24,4,2,1,4,2439,1,24,2,0,1,1,0,1,0,1,1
1333,46,10,3,3,3,2,7314,5,21,3,1,14,8,7,0,7,0,0
1334,27,15,4,2,1,1,4774,0,19,4,1,8,7,6,7,3,0,0
1335,39,19,4,3,2,4,3902,8,14,2,1,7,2,2,2,2,0,0
1336,55,2,2,2,1,4,2662,8,20,2,1,19,5,2,0,4,0,0
1337,28,3,2,3,1,2,2856,1,19,4,1,1,1,0,0,0,0,0
1338,30,9,2,3,1,4,1081,1,13,3,0,1,1,0,0,0,1,0
1339,22,7,4,3,1,2,2472,1,23,1,0,1,1,0,0,0,1,1
1340,36,10,2,2,2,3,5673,1,13,1,1,10,10,9,1,7,0,1
1341,31,20,2,3,2,3,4197,1,11,1,1,10,10,8,0,2,0,0
1342,34,4,3,3,3,4,9713,2,13,4,1,9,5,3,1,0,0,1
1343,29,7,4,3,1,1,2062,3,14,2,0,11,3,2,1,2,1,0
1344,37,7,4,3,2,1,4284,5,22,3,1,16,5,3,0,4,0,1
1345,35,16,4,2,2,2,4788,0,11,4,0,4,3,2,0,2,0,1
1346,45,25,2,2,2,4,5906,0,13,4,2,10,9,8,3,8,0,0
1347,36,2,2,2,2,4,3886,1,21,4,0,10,10,1,0,8,1,0
1348,40,1,1,3,4,1,4919,2,11,1,1,22,5,7,1,3,0,0
1349,26,1,2,2,1,3,2933,1,13,3,1,1,1,0,1,0,0,1
1350,27,2,1,4,2,3,6500,0,14,2,0,9,8,7,0,7,1,0
1351,48,22,4,3,4,4,4919,3,11,2,1,24,5,3,4,7,0,0
1352,44,1,2,4,2,1,5033,2,15,4,1,10,2,0,2,2,0,0
1353,34,16,4,1,1,1,2307,1,23,2,1,5,5,2,3,0,0,1
1354,56,24,1,3,1,4,2587,1,16,4,0,5,4,2,1,0,1,0
1355,36,17,3,2,2,2,5507,2,16,3,2,12,4,2,1,3,0,0
1356,41,8,3,3,2,2,4393,5,21,3,1,14,5,4,1,4,0,0
1357,42,6,3,3,3,1,13348,2,13,2,1,18,13,7,5,7,0,0
1358,31,10,3,3,2,4,6583,2,11,4,1,8,5,2,1,4,0,1
1359,34,3,4,2,2,4,8103,3,12,3,0,9,4,2,0,1,0,1
1360,31,4,1,4,1,3,3978,8,12,2,1,4,2,2,2,2,0,0
1361,26,6,3,4,1,4,2544,0,18,1,1,8,7,7,7,7,0,0
1362,45,1,2,3,2,3,5399,4,12,3,0,12,4,2,0,3,1,0
1363,33,10,2,3,2,3,5487,1,14,2,0,10,10,4,0,9,1,0
1364,28,1,3,2,2,4,6834,1,12,3,1,7,7,7,0,7,0,1
1365,29,24,3,4,1,1,1091,1,17,4,0,1,1,0,0,0,1,0
1366,39,21,1,1,2,3,5736,6,19,3,1,10,3,2,1,2,0,0
1367,27,2,2,3,1,2,2226,1,11,3,1,6,5,3,1,2,0,0
1368,34,22,3,2,2,4,5747,1,15,2,0,16,15,10,6,11,0,1
1369,28,13,4,3,2,3,9854,3,11,4,0,6,2,0,2,2,1,1
1370,47,14,3,3,2,2,5467,8,18,3,1,16,8,7,1,7,0,0
1371,56,11,4,2,2,1,5380,4,16,3,1,6,0,0,0,0,0,0
1372,39,9,1,3,2,1,5151,1,25,4,1,10,10,0,7,9,0,0
1373,38,8,4,2,2,2,2133,1,16,3,1,20,5,11,0,7,0,1
1374,58,21,4,3,4,4,4919,4,13,3,1,10,1,0,0,0,0,1
1375,32,5,1,4,1,3,2432,3,14,1,0,8,4,1,0,3,1,1
1376,38,9,2,3,1,4,4771,2,19,4,2,10,5,2,0,3,0,0
1377,49,2,2,3,5,4,4919,3,15,4,0,28,5,4,4,3,0,0
1378,42,12,2,3,2,4,5087,3,12,3,2,14,0,0,0,0,0,1
1379,27,22,1,2,1,2,2863,1,12,1,0,1,1,0,0,0,0,0
1380,35,18,2,3,2,1,5561,0,16,4,1,6,5,3,0,4,0,0
1381,28,16,3,3,1,3,2144,1,14,3,0,5,5,3,1,4,1,0
1382,31,3,3,3,1,1,3065,1,13,4,1,4,4,2,2,3,0,1
1383,36,9,1,4,1,2,2810,1,22,2,0,5,5,4,0,2,0,0
1384,34,1,1,3,3,4,9888,1,21,1,0,14,14,8,2,1,1,0
1385,34,13,4,3,3,3,8628,1,18,3,1,9,8,7,1,1,0,0
1386,26,1,3,3,1,1,2867,0,13,4,0,8,7,7,7,6,1,0
1387,29,1,1,3,2,1,5373,0,12,1,1,6,5,3,0,2,0,0
1388,32,15,3,3,2,4,6667,5,18,2,1,9,5,1,1,2,0,0
1389,31,1,4,1,2,1,5003,1,21,2,0,10,10,8,1,7,0,0
1390,28,17,3,2,1,4,2367,5,12,1,1,6,4,1,0,3,0,0
1391,38,1,1,2,1,1,2858,4,14,1,0,20,1,0,0,0,1,0
1392,35,7,3,3,2,4,5204,1,11,4,0,10,10,8,0,9,0,1
1393,27,9,4,3,2,4,4105,1,14,1,0,7,7,7,0,7,1,0
1394,32,5,4,2,2,4,9679,8,24,2,0,8,1,0,0,0,1,0
1395,31,26,1,3,2,4,5617,1,11,3,0,10,10,7,0,8,0,1
1396,53,24,1,3,3,1,10448,6,13,2,0,15,2,2,2,2,1,1
1397,54,9,1,3,2,3,2897,3,11,3,2,9,4,3,2,3,0,0
1398,33,7,4,3,2,3,5968,1,20,3,1,9,9,7,2,8,0,0
1399,43,11,1,3,3,3,7510,1,17,2,1,10,10,9,0,9,0,0
1400,38,1,4,3,1,2,2991,0,11,2,1,7,6,2,1,2,0,1
1401,55,26,3,4,5,2,4919,4,18,1,1,10,10,9,1,4,0,1
1402,31,2,4,1,1,4,1129,1,11,3,1,1,1,0,0,0,0,1
1403,39,15,2,3,4,1,13341,0,12,1,0,21,5,8,1,10,1,0
1404,42,23,4,2,2,3,4332,1,12,4,0,20,5,9,3,7,1,0
1405,31,10,3,3,3,3,11031,4,20,3,1,13,11,7,4,8,0,0
1406,54,10,3,3,2,1,4440,6,19,4,0,9,5,2,1,4,1,1
1407,24,1,2,2,2,3,4617,1,12,2,0,4,4,3,1,2,1,0
1408,23,12,4,3,1,4,2647,1,13,3,0,5,5,2,1,4,1,0
1409,40,11,4,3,2,3,6323,1,11,1,1,10,10,9,1,4,0,0
1410,40,2,2,3,2,2,5677,3,14,3,1,15,11,8,5,10,0,0
1411,25,2,3,3,1,2,2187,4,14,3,0,6,2,0,1,2,0,0
1412,30,1,4,3,1,2,3748,1,13,3,0,12,12,8,1,7,0,0
1413,25,2,4,3,1,3,3977,6,19,3,1,7,2,2,0,2,0,1
1414,47,25,1,3,3,3,8633,2,23,2,0,25,17,14,1,11,1,0
1415,33,1,2,2,1,3,2008,1,12,3,1,1,1,1,0,0,0,0
1416,38,1,4,3,2,2,4440,0,15,1,2,16,15,13,5,8,0,0
1417,31,2,1,3,1,3,3067,0,19,3,1,3,2,2,1,2,0,0
1418,38,6,1,2,2,3,5321,2,11,4,1,10,8,3,7,7,0,0
1419,42,18,4,3,2,1,5410,6,17,3,1,9,4,3,1,2,0,1
1420,41,1,4,3,1,4,2782,3,22,1,1,12,5,3,1,0,0,0
1421,47,1,3,3,3,2,11957,0,18,1,2,14,13,8,5,12,0,0
1422,35,11,4,3,1,3,2660,7,11,3,1,5,2,2,2,2,0,1
1423,22,1,4,3,1,3,3375,0,12,4,0,4,3,2,1,2,1,0
1424,35,9,2,3,2,3,5098,1,19,2,0,10,10,7,0,8,1,0
1425,33,15,2,3,2,4,4878,0,13,1,1,10,9,7,1,1,0,1
1426,32,29,3,2,1,2,2837,1,13,3,0,6,6,2,4,1,1,0
1427,40,1,1,3,1,4,2406,8,19,3,2,8,1,0,0,0,0,0
1428,32,1,2,2,1,2,2269,0,14,2,1,3,2,2,2,2,0,0
1429,39,24,1,3,2,4,4108,7,13,1,0,18,7,7,1,7,1,0
1430,38,10,2,1,3,3,13206,3,12,1,1,20,18,3,1,11,0,0
1431,32,1,3,3,3,4,10422,1,19,3,2,14,14,10,5,7,0,0
1432,37,10,3,4,3,4,13744,1,25,1,1,16,16,11,6,8,0,1
1433,25,8,1,3,2,3,4907,0,22,2,1,6,5,3,0,4,0,1
1434,52,29,1,3,1,4,3482,2,15,2,2,16,9,8,0,0,0,0
1435,44,1,2,3,1,4,2436,6,12,3,0,6,4,3,1,2,1,1
1436,21,5,3,3,1,1,2380,1,11,4,0,2,2,2,1,2,1,1
1437,39,9,4,3,5,4,4919,2,13,3,0,21,6,0,1,3,1,0
1438,23,9,4,3,1,1,1790,1,19,1,1,1,1,0,1,0,0,0
1439,36,3,1,2,3,4,7644,0,19,3,2,10,9,7,3,4,0,0
1440,36,4,4,3,2,2,5131,7,13,2,1,18,4,2,0,2,0,0
1441,56,1,3,3,2,3,6306,1,21,1,1,13,13,12,1,9,0,0
1442,29,1,1,3,1,4,4787,2,14,2,1,4,2,2,2,2,0,1
1443,42,2,1,3,5,3,4919,5,11,1,0,24,5,6,4,14,0,0
1444,56,7,4,3,1,3,2339,8,11,4,1,14,10,9,1,8,0,0
1445,41,28,1,2,4,2,13570,0,23,3,1,21,5,7,0,10,0,0
1446,34,28,4,2,2,3,6712,1,21,4,2,8,8,7,1,7,0,0
1447,36,15,4,1,2,4,5406,1,24,1,1,15,15,12,1,11,0,0
1448,41,3,3,2,2,2,8938,2,11,3,1,14,5,4,0,4,0,0
1449,32,2,4,3,1,1,2439,1,14,4,0,4,4,2,1,2,1,0
1450,35,26,3,3,3,4,8837,1,16,3,0,9,9,0,1,7,1,1
1451,38,10,1,3,2,4,5343,1,11,3,1,10,10,7,1,9,0,0
1452,50,1,2,3,2,3,6728,7,12,4,2,12,6,3,0,1,0,0
1453,36,11,2,2,2,4,6652,4,13,1,1,8,6,3,0,0,0,0
1454,45,20,4,3,2,3,4850,8,15,3,0,8,5,3,0,1,1,0
1455,40,2,3,2,1,3,2809,2,14,4,0,8,2,2,2,2,1,0
1456,35,18,3,3,2,3,5689,1,14,4,2,10,10,2,0,2,0,1
1457,40,2,3,3,1,3,2001,2,14,2,1,20,5,3,0,2,0,0
1458,35,1,3,1,1,4,2977,1,12,4,1,4,4,3,1,1,0,0
1459,29,13,4,2,2,2,4025,4,13,1,1,10,4,3,0,3,0,1
1460,29,28,4,2,1,1,3785,1,14,2,0,5,5,4,0,4,1,0
1461,50,28,4,2,3,1,10854,4,13,2,1,20,3,2,2,0,0,1
1462,39,24,2,2,4,4,12031,0,11,1,1,21,5,9,1,6,0,0
1463,31,5,2,3,2,1,9936,0,19,2,0,10,9,4,1,7,1,0
1464,26,5,4,2,1,3,2966,0,18,4,0,5,4,2,0,0,1,0
1465,36,23,3,4,2,4,2571,4,17,3,1,17,5,2,0,3,0,0
1466,39,6,4,2,3,1,9991,4,15,1,1,9,7,7,1,7,0,0
1467,27,4,2,4,2,2,6142,1,20,2,1,6,6,2,0,3,0,1
1468,49,2,4,2,2,2,5390,2,14,4,0,17,9,6,0,8,0,0
1469,34,8,2,4,2,3,4404,2,12,1,0,6,4,3,1,2,0,0
